,labels,outlier
0,2,0
1,1,0
2,0,0
3,1,0
4,0,0
5,3,0
6,0,0
7,4,0
8,4,0
9,1,0
10,3,0
11,1,0
12,4,0
13,3,0
14,1,0
15,4,0
16,4,0
17,0,0
18,0,0
19,1,0
20,3,0
21,0,0
22,0,0
23,3,0
24,0,0
25,4,0
26,3,0
27,4,0
28,2,0
29,4,0
30,0,0
31,4,0
32,4,0
33,4,0
34,1,0
35,1,0
36,4,0
37,2,0
38,2,0
39,2,0
40,1,0
41,1,0
42,0,0
43,1,0
44,3,0
45,1,0
46,0,0
47,3,0
48,0,0
49,3,0
50,0,0
51,4,0
52,0,0
53,3,0
54,4,0
55,3,0
56,1,0
57,4,0
58,1,0
59,4,0
60,4,0
61,4,0
62,0,0
63,4,0
64,1,0
65,4,0
66,2,0
67,0,0
68,3,0
69,2,0
70,4,0
71,0,0
72,4,0
73,2,0
74,0,0
75,1,0
76,4,0
77,3,0
78,0,0
79,1,0
80,3,0
81,2,0
82,2,0
83,4,0
84,0,0
85,4,0
86,0,0
87,2,0
88,2,0
89,1,0
90,4,0
91,2,0
92,1,0
93,4,0
94,2,0
95,3,0
96,1,0
97,1,0
98,0,0
99,4,0
100,3,0
101,4,0
102,1,0
103,4,0
104,0,0
105,0,0
106,0,0
107,1,0
108,4,0
109,2,0
110,0,0
111,4,0
112,1,0
113,1,0
114,4,0
115,0,0
116,4,0
117,1,0
118,1,0
119,3,0
120,2,0
121,3,0
122,3,0
123,0,0
124,4,0
125,2,0
126,3,0
127,3,0
128,2,0
129,0,0
130,3,0
131,3,0
132,3,0
133,0,0
134,4,0
135,1,0
136,0,0
137,1,0
138,2,0
139,3,0
140,1,0
141,2,0
142,4,0
143,1,0
144,2,0
145,2,0
146,2,0
147,2,0
148,4,0
149,2,0
150,1,0
151,3,0
152,0,0
153,3,0
154,3,0
155,3,0
156,0,0
157,4,0
158,0,0
159,1,0
160,1,0
161,1,0
162,2,0
163,3,0
164,4,0
165,3,0
166,3,0
167,2,0
168,2,0
169,1,0
170,0,0
171,1,0
172,3,0
173,0,1
174,0,0
175,2,0
176,2,0
177,2,0
178,2,0
179,1,0
180,2,0
181,3,0
182,0,0
183,1,0
184,0,0
185,1,0
186,3,0
187,3,0
188,1,0
189,2,0
190,3,0
191,1,0
192,0,0
193,3,0
194,0,0
195,0,0
196,0,0
197,1,0
198,0,0
199,4,0
200,3,0
201,4,0
202,0,0
203,4,0
204,0,0
205,1,0
206,3,0
207,0,0
208,1,0
209,1,0
210,2,0
211,0,0
212,4,0
213,2,0
214,2,0
215,4,0
216,0,0
217,2,0
218,0,0
219,0,0
220,2,0
221,0,0
222,1,0
223,4,0
224,4,0
225,3,0
226,0,0
227,2,0
228,1,0
229,4,0
230,2,0
231,3,0
232,4,0
233,2,0
234,4,0
235,0,0
236,0,0
237,4,0
238,0,0
239,1,0
240,0,0
241,3,0
242,1,0
243,3,0
244,4,0
245,4,0
246,4,0
247,1,0
248,0,0
249,1,0
250,1,0
251,4,0
252,0,0
253,3,0
254,3,0
255,3,0
256,0,0
257,4,0
258,2,0
259,4,0
260,1,0
261,2,0
262,3,0
263,3,0
264,2,0
265,0,0
266,2,0
267,4,0
268,3,0
269,0,0
270,0,0
271,0,0
272,1,0
273,0,0
274,2,0
275,4,0
276,1,0
277,1,0
278,3,0
279,1,0
280,1,0
281,0,0
282,4,0
283,0,0
284,0,0
285,1,0
286,2,0
287,2,0
288,2,0
289,4,0
290,1,0
291,3,0
292,1,0
293,3,0
294,3,0
295,3,0
296,3,0
297,1,0
298,3,0
299,3,0
300,4,0
301,0,0
302,2,0
303,3,0
304,3,0
305,2,0
306,0,0
307,0,0
308,4,0
309,1,0
310,1,0
311,0,0
312,0,0
313,2,0
314,3,0
315,3,0
316,0,0
317,0,0
318,0,0
319,1,0
320,2,0
321,3,0
322,3,0
323,0,0
324,4,0
325,1,0
326,2,0
327,3,0
328,4,0
329,2,0
330,3,0
331,4,0
332,2,0
333,4,0
334,2,0
335,2,0
336,0,0
337,1,0
338,4,0
339,2,0
340,4,0
341,1,0
342,4,0
343,4,0
344,2,0
345,1,0
346,0,0
347,2,0
348,3,0
349,1,0
350,0,0
351,3,0
352,1,0
353,0,0
354,1,0
355,3,0
356,0,0
357,0,0
358,1,0
359,1,0
360,1,0
361,0,0
362,0,0
363,4,0
364,1,0
365,1,0
366,2,0
367,3,0
368,3,0
369,4,0
370,2,0
371,0,0
372,2,0
373,2,0
374,0,0
375,1,0
376,4,0
377,0,0
378,2,0
379,1,0
380,0,0
381,0,0
382,2,0
383,4,0
384,4,0
385,4,0
386,3,0
387,2,0
388,3,0
389,0,0
390,4,0
391,1,0
392,2,0
393,2,0
394,3,0
395,1,0
396,0,0
397,0,0
398,4,0
399,1,0
400,0,0
401,2,0
402,2,0
403,2,0
404,1,0
405,3,0
406,2,0
407,1,0
408,2,0
409,0,0
410,1,0
411,3,0
412,0,0
413,1,0
414,3,0
415,3,0
416,0,0
417,3,0
418,1,0
419,2,0
420,1,0
421,3,0
422,3,0
423,2,0
424,0,0
425,1,0
426,0,0
427,0,0
428,1,0
429,0,0
430,1,0
431,2,0
432,1,0
433,2,0
434,2,0
435,4,0
436,3,0
437,2,0
438,0,0
439,1,0
440,3,0
441,0,0
442,2,0
443,2,0
444,4,0
445,0,0
446,4,0
447,1,0
448,0,0
449,2,0
450,4,0
451,1,0
452,0,0
453,2,0
454,4,0
455,3,0
456,4,0
457,2,0
458,4,0
459,4,0
460,4,0
461,3,0
462,1,0
463,3,0
464,2,0
465,3,0
466,2,0
467,1,0
468,0,0
469,1,0
470,0,0
471,0,0
472,3,0
473,2,0
474,4,0
475,2,0
476,2,0
477,3,0
478,3,0
479,0,0
480,4,0
481,0,0
482,4,0
483,3,0
484,2,0
485,0,0
486,0,0
487,2,0
488,2,0
489,4,0
490,0,0
491,4,0
492,3,0
493,3,0
494,1,0
495,1,0
496,0,0
497,1,0
498,3,0
499,1,0
500,4,0
501,3,0
502,4,0
503,0,0
504,2,0
505,0,0
506,3,0
507,3,0
508,1,0
509,1,0
510,1,0
511,0,0
512,3,0
513,3,0
514,1,0
515,3,0
516,3,0
517,4,0
518,0,0
519,3,0
520,4,0
521,4,0
522,4,0
523,0,0
524,2,0
525,3,0
526,2,0
527,4,0
528,4,0
529,4,0
530,3,0
531,2,0
532,2,0
533,1,0
534,1,0
535,0,0
536,1,0
537,4,0
538,3,0
539,2,0
540,1,0
541,1,0
542,1,0
543,1,0
544,1,0
545,1,0
546,1,0
547,0,0
548,0,0
549,0,0
550,2,0
551,4,0
552,1,0
553,0,0
554,2,0
555,3,0
556,3,0
557,0,0
558,4,0
559,3,0
560,2,0
561,4,0
562,2,0
563,0,0
564,3,0
565,1,0
566,1,0
567,1,0
568,3,0
569,3,0
570,4,0
571,4,0
572,1,0
573,0,0
574,2,0
575,2,0
576,2,0
577,0,0
578,2,0
579,1,0
580,1,0
581,3,0
582,3,0
583,4,0
584,3,0
585,4,0
586,3,0
587,1,0
588,0,0
589,0,0
590,3,0
591,0,0
592,0,0
593,2,0
594,0,0
595,0,0
596,0,0
597,4,0
598,1,0
599,2,0
600,4,0
601,2,0
602,0,0
603,0,0
604,4,0
605,1,0
606,0,1
607,3,0
608,0,0
609,2,0
610,2,0
611,4,0
612,3,0
613,2,0
614,3,0
615,0,0
616,4,0
617,1,0
618,2,0
619,0,0
620,3,0
621,2,0
622,0,0
623,2,0
624,4,0
625,2,0
626,3,0
627,4,0
628,3,0
629,3,0
630,1,0
631,3,0
632,1,0
633,2,0
634,0,0
635,2,0
636,3,0
637,3,0
638,1,0
639,4,0
640,2,0
641,3,0
642,4,0
643,1,0
644,2,0
645,0,0
646,3,0
647,3,0
648,0,0
649,4,0
650,4,0
651,3,0
652,0,0
653,0,0
654,4,0
655,2,0
656,4,0
657,1,0
658,4,0
659,0,0
660,0,0
661,4,0
662,3,0
663,0,0
664,0,0
665,3,0
666,3,0
667,1,0
668,3,0
669,4,0
670,4,0
671,3,0
672,4,0
673,2,0
674,1,0
675,0,0
676,3,0
677,3,0
678,4,0
679,4,0
680,4,0
681,3,0
682,3,0
683,3,0
684,4,0
685,0,0
686,4,0
687,3,0
688,0,0
689,2,0
690,0,0
691,1,0
692,2,0
693,2,0
694,3,0
695,2,0
696,4,0
697,2,0
698,1,0
699,3,0
700,4,0
701,2,0
702,1,0
703,2,0
704,2,0
705,4,0
706,1,0
707,3,0
708,0,0
709,0,0
710,4,0
711,0,0
712,3,0
713,2,0
714,4,0
715,0,0
716,2,0
717,3,0
718,4,0
719,2,0
720,2,0
721,1,0
722,2,0
723,0,0
724,4,0
725,4,0
726,1,0
727,3,0
728,2,0
729,2,0
730,3,0
731,2,0
732,1,0
733,1,0
734,3,0
735,3,0
736,4,0
737,3,0
738,4,0
739,3,0
740,1,0
741,3,0
742,2,0
743,3,0
744,0,0
745,0,0
746,2,0
747,2,0
748,3,0
749,1,0
750,1,0
751,0,0
752,3,0
753,1,0
754,0,0
755,0,0
756,2,0
757,3,0
758,2,0
759,4,0
760,2,0
761,1,0
762,1,0
763,3,0
764,4,0
765,1,0
766,1,0
767,1,0
768,4,0
769,4,0
770,3,0
771,2,0
772,0,0
773,0,0
774,1,0
775,0,0
776,2,0
777,1,0
778,4,0
779,3,0
780,2,0
781,1,0
782,4,0
783,1,0
784,0,0
785,3,0
786,3,0
787,3,0
788,3,0
789,3,0
790,0,0
791,2,0
792,1,0
793,0,0
794,1,0
795,3,0
796,2,0
797,4,0
798,2,0
799,2,0
800,0,0
801,0,0
802,3,0
803,3,0
804,3,0
805,0,0
806,2,0
807,4,0
808,3,0
809,4,0
810,2,0
811,0,0
812,2,0
813,3,0
814,4,0
815,2,0
816,4,0
817,3,0
818,1,0
819,4,0
820,4,0
821,1,0
822,0,0
823,3,0
824,1,0
825,4,0
826,3,0
827,2,0
828,0,0
829,3,0
830,4,0
831,3,0
832,0,0
833,2,0
834,4,0
835,1,0
836,3,0
837,1,0
838,2,0
839,0,0
840,1,0
841,2,0
842,3,0
843,2,0
844,1,0
845,3,0
846,1,0
847,2,0
848,2,0
849,4,0
850,2,0
851,0,0
852,3,0
853,1,0
854,0,0
855,0,0
856,0,0
857,2,0
858,0,0
859,3,0
860,2,0
861,0,0
862,0,0
863,3,0
864,0,0
865,0,0
866,0,0
867,2,0
868,2,0
869,3,0
870,4,0
871,3,0
872,1,0
873,4,0
874,4,0
875,2,0
876,3,0
877,3,0
878,0,0
879,3,0
880,0,0
881,1,0
882,4,0
883,0,0
884,3,0
885,4,0
886,2,0
887,2,0
888,1,0
889,0,0
890,4,0
891,1,0
892,1,0
893,3,0
894,4,0
895,3,0
896,4,0
897,1,0
898,2,0
899,2,0
900,3,0
901,3,0
902,4,0
903,4,0
904,4,0
905,3,0
906,1,0
907,0,0
908,4,0
909,3,0
910,1,0
911,2,0
912,0,0
913,1,0
914,2,0
915,2,0
916,1,0
917,4,0
918,4,0
919,2,0
920,0,0
921,1,0
922,2,0
923,1,0
924,2,0
925,2,0
926,0,0
927,1,0
928,4,0
929,4,0
930,1,0
931,0,0
932,1,0
933,2,0
934,3,0
935,3,0
936,4,0
937,2,0
938,1,0
939,3,0
940,0,0
941,1,0
942,0,0
943,2,0
944,2,0
945,3,0
946,3,0
947,3,0
948,3,0
949,3,0
950,2,0
951,4,0
952,4,0
953,1,0
954,2,0
955,1,0
956,0,0
957,4,0
958,2,0
959,3,0
960,0,0
961,0,0
962,1,0
963,4,0
964,3,0
965,1,0
966,1,0
967,2,0
968,1,0
969,2,0
970,4,0
971,3,0
972,0,0
973,0,0
974,3,0
975,0,0
976,3,0
977,3,0
978,3,0
979,3,0
980,1,0
981,2,0
982,4,0
983,4,0
984,1,0
985,3,0
986,2,0
987,2,0
988,2,0
989,0,0
990,0,0
991,1,0
992,0,0
993,4,0
994,0,0
995,0,0
996,0,0
997,4,0
998,2,0
999,4,0
1000,3,0
1001,0,0
1002,4,0
1003,1,0
1004,1,0
1005,1,0
1006,4,0
1007,1,0
1008,4,0
1009,3,0
1010,2,0
1011,2,0
1012,3,0
1013,4,0
1014,1,0
1015,3,0
1016,1,0
1017,1,0
1018,0,0
1019,3,0
1020,1,0
1021,2,0
1022,3,0
1023,2,0
1024,4,0
1025,0,0
1026,2,0
1027,3,0
1028,2,0
1029,0,0
1030,3,0
1031,2,0
1032,1,0
1033,1,0
1034,4,0
1035,1,0
1036,2,0
1037,1,0
1038,4,0
1039,4,0
1040,4,0
1041,2,0
1042,1,0
1043,4,0
1044,2,0
1045,1,0
1046,0,0
1047,0,0
1048,2,0
1049,0,0
1050,4,0
1051,2,0
1052,1,0
1053,3,0
1054,3,0
1055,0,0
1056,4,0
1057,3,0
1058,1,0
1059,4,0
1060,3,0
1061,1,0
1062,1,0
1063,3,0
1064,3,0
1065,0,0
1066,0,0
1067,0,0
1068,3,0
1069,0,0
1070,4,0
1071,2,0
1072,1,0
1073,2,0
1074,3,0
1075,0,0
1076,0,0
1077,4,0
1078,0,0
1079,3,0
1080,0,0
1081,4,0
1082,0,0
1083,0,0
1084,3,0
1085,4,0
1086,3,0
1087,1,0
1088,2,0
1089,0,0
1090,4,0
1091,3,0
1092,1,0
1093,4,0
1094,4,0
1095,0,0
1096,3,0
1097,3,0
1098,2,0
1099,3,0
1100,1,0
1101,3,0
1102,1,0
1103,0,0
1104,1,0
1105,3,0
1106,1,0
1107,1,0
1108,3,0
1109,1,0
1110,1,0
1111,4,0
1112,3,0
1113,4,0
1114,1,0
1115,2,0
1116,4,0
1117,3,0
1118,2,0
1119,2,0
1120,3,0
1121,1,0
1122,3,0
1123,2,0
1124,0,0
1125,3,0
1126,0,0
1127,2,0
1128,2,0
1129,2,0
1130,2,0
1131,3,0
1132,0,0
1133,2,0
1134,0,0
1135,1,0
1136,1,0
1137,1,0
1138,1,0
1139,4,0
1140,0,0
1141,2,0
1142,3,0
1143,3,0
1144,4,0
1145,4,0
1146,2,0
1147,4,0
1148,4,0
1149,1,0
1150,2,0
1151,1,0
1152,1,0
1153,0,0
1154,4,0
1155,1,0
1156,3,0
1157,2,0
1158,2,0
1159,0,0
1160,4,0
1161,2,0
1162,0,0
1163,2,0
1164,1,0
1165,1,0
1166,2,0
1167,3,0
1168,1,0
1169,1,0
1170,0,0
1171,3,0
1172,4,0
1173,4,0
1174,2,0
1175,3,0
1176,0,0
1177,1,0
1178,1,0
1179,0,0
1180,3,0
1181,4,0
1182,1,0
1183,3,0
1184,4,0
1185,4,0
1186,1,0
1187,0,0
1188,2,0
1189,1,0
1190,3,0
1191,0,0
1192,1,0
1193,0,0
1194,2,0
1195,1,0
1196,2,0
1197,1,0
1198,2,0
1199,1,0
1200,4,0
1201,1,0
1202,4,0
1203,2,0
1204,1,0
1205,2,0
1206,4,0
1207,0,0
1208,1,0
1209,0,0
1210,4,0
1211,4,0
1212,0,0
1213,0,0
1214,3,0
1215,3,0
1216,2,0
1217,0,0
1218,0,0
1219,0,0
1220,3,0
1221,1,0
1222,3,0
1223,3,0
1224,2,0
1225,3,0
1226,2,0
1227,3,0
1228,2,0
1229,1,0
1230,3,0
1231,0,0
1232,4,0
1233,1,0
1234,2,0
1235,0,0
1236,0,0
1237,1,0
1238,3,0
1239,2,0
1240,4,0
1241,0,0
1242,4,0
1243,4,0
1244,3,0
1245,1,0
1246,2,0
1247,2,0
1248,1,0
1249,4,0
1250,1,0
1251,1,0
1252,4,0
1253,2,0
1254,4,0
1255,2,0
1256,2,0
1257,0,0
1258,4,0
1259,3,0
1260,4,0
1261,2,0
1262,4,0
1263,1,0
1264,0,0
1265,1,0
1266,0,0
1267,2,0
1268,2,0
1269,4,0
1270,1,0
1271,4,0
1272,4,0
1273,2,0
1274,0,0
1275,2,0
1276,2,0
1277,1,0
1278,3,0
1279,4,0
1280,1,0
1281,4,0
1282,0,0
1283,2,0
1284,2,0
1285,2,0
1286,0,0
1287,3,0
1288,0,0
1289,3,0
1290,4,0
1291,0,0
1292,1,0
1293,2,0
1294,2,0
1295,0,0
1296,3,0
1297,2,0
1298,4,0
1299,3,0
1300,0,0
1301,4,0
1302,2,0
1303,2,0
1304,2,0
1305,3,0
1306,0,0
1307,0,0
1308,1,0
1309,4,0
1310,3,0
1311,2,0
1312,4,0
1313,2,0
1314,1,0
1315,2,0
1316,1,0
1317,3,0
1318,4,0
1319,0,0
1320,4,0
1321,2,0
1322,2,0
1323,1,0
1324,3,0
1325,1,0
1326,1,0
1327,1,0
1328,2,0
1329,2,0
1330,3,0
1331,0,0
1332,1,0
1333,0,0
1334,1,0
1335,0,0
1336,0,0
1337,4,0
1338,2,0
1339,4,0
1340,2,0
1341,3,0
1342,4,0
1343,4,0
1344,3,0
1345,4,0
1346,1,0
1347,0,0
1348,4,0
1349,2,0
1350,1,0
1351,3,0
1352,3,0
1353,1,0
1354,3,0
1355,0,0
1356,4,0
1357,1,0
1358,0,0
1359,4,0
1360,2,0
1361,1,0
1362,3,0
1363,1,0
1364,1,0
1365,4,0
1366,1,0
1367,4,0
1368,3,0
1369,0,0
1370,2,0
1371,3,0
1372,0,0
1373,1,0
1374,0,0
1375,3,0
1376,2,0
1377,4,0
1378,3,0
1379,2,0
1380,3,0
1381,1,0
1382,1,0
1383,3,0
1384,1,0
1385,0,0
1386,3,0
1387,4,0
1388,1,0
1389,3,0
1390,3,0
1391,2,0
1392,2,0
1393,1,0
1394,2,0
1395,1,0
1396,2,0
1397,4,0
1398,2,0
1399,0,0
1400,0,0
1401,3,0
1402,0,0
1403,4,0
1404,0,0
1405,4,0
1406,0,0
1407,1,0
1408,4,0
1409,3,0
1410,4,0
1411,0,0
1412,1,0
1413,2,0
1414,4,0
1415,1,0
1416,0,0
1417,1,0
1418,0,0
1419,4,0
1420,1,0
1421,3,0
1422,1,0
1423,2,0
1424,3,0
1425,4,0
1426,4,0
1427,3,0
1428,1,0
1429,0,0
1430,4,0
1431,3,0
1432,3,0
1433,3,0
1434,3,0
1435,2,0
1436,3,0
1437,3,0
1438,2,0
1439,0,0
1440,3,0
1441,0,0
1442,4,0
1443,2,0
1444,1,0
1445,2,0
1446,2,0
1447,4,0
1448,4,0
1449,0,0
1450,1,0
1451,4,0
1452,2,0
1453,0,0
1454,2,0
1455,4,0
1456,4,0
1457,3,0
1458,2,0
1459,3,0
1460,0,0
1461,0,0
1462,2,0
1463,0,0
1464,0,0
1465,3,0
1466,1,0
1467,2,0
1468,3,0
1469,3,0
1470,3,0
1471,1,0
1472,2,0
1473,3,0
1474,2,0
1475,0,0
1476,3,0
1477,0,0
1478,1,0
1479,1,0
1480,1,0
1481,3,0
1482,4,0
1483,0,0
1484,4,0
1485,1,0
1486,0,0
1487,1,0
1488,3,0
1489,1,0
1490,3,0
1491,1,0
1492,0,0
1493,0,0
1494,1,0
1495,0,0
1496,0,0
1497,0,0
1498,3,0
1499,2,0
1500,4,0
1501,3,0
1502,4,0
1503,4,0
1504,0,0
1505,2,0
1506,4,0
1507,4,0
1508,2,0
1509,1,0
1510,2,0
1511,1,0
1512,2,0
1513,3,0
1514,2,0
1515,2,0
1516,2,0
1517,1,0
1518,1,0
1519,2,0
1520,4,0
1521,1,0
1522,4,0
1523,4,0
1524,3,0
1525,4,0
1526,2,0
1527,0,0
1528,0,0
1529,0,0
1530,3,0
1531,2,0
1532,4,0
1533,1,0
1534,0,0
1535,0,0
1536,4,0
1537,3,0
1538,0,0
1539,3,0
1540,1,0
1541,1,0
1542,0,0
1543,3,0
1544,0,0
1545,3,0
1546,2,0
1547,2,0
1548,0,0
1549,2,0
1550,1,0
1551,4,0
1552,3,0
1553,4,0
1554,2,0
1555,4,0
1556,3,0
1557,3,0
1558,1,0
1559,2,0
1560,0,0
1561,2,0
1562,1,0
1563,2,0
1564,4,0
1565,4,0
1566,0,0
1567,3,0
1568,4,0
1569,3,0
1570,0,0
1571,2,0
1572,1,0
1573,0,0
1574,2,0
1575,0,0
1576,2,0
1577,4,0
1578,1,0
1579,4,0
1580,2,0
1581,0,0
1582,3,0
1583,3,0
1584,0,0
1585,1,0
1586,3,0
1587,0,0
1588,4,0
1589,2,0
1590,2,0
1591,2,0
1592,4,0
1593,4,0
1594,1,0
1595,2,0
1596,1,0
1597,4,0
1598,2,0
1599,1,0
1600,3,0
1601,0,0
1602,4,0
1603,3,0
1604,4,0
1605,1,0
1606,2,0
1607,3,0
1608,2,0
1609,0,0
1610,1,0
1611,3,0
1612,0,0
1613,4,0
1614,4,0
1615,0,0
1616,1,0
1617,3,0
1618,0,0
1619,0,0
1620,0,0
1621,1,0
1622,2,0
1623,1,0
1624,3,0
1625,4,0
1626,0,0
1627,2,0
1628,3,0
1629,2,0
1630,0,0
1631,0,0
1632,3,0
1633,4,0
1634,1,0
1635,3,0
1636,4,0
1637,0,0
1638,2,0
1639,1,0
1640,2,0
1641,4,0
1642,3,0
1643,3,0
1644,0,0
1645,0,0
1646,2,0
1647,1,0
1648,2,0
1649,1,0
1650,4,0
1651,4,0
1652,2,0
1653,2,0
1654,2,0
1655,2,0
1656,2,0
1657,2,0
1658,2,0
1659,4,0
1660,0,0
1661,2,0
1662,1,0
1663,4,0
1664,2,0
1665,3,0
1666,3,0
1667,1,0
1668,1,0
1669,1,0
1670,4,0
1671,2,0
1672,3,0
1673,3,0
1674,2,0
1675,3,0
1676,2,0
1677,3,0
1678,0,0
1679,1,0
1680,3,0
1681,3,0
1682,1,0
1683,2,0
1684,1,0
1685,0,0
1686,4,0
1687,1,0
1688,2,0
1689,1,0
1690,2,0
1691,1,0
1692,4,0
1693,1,0
1694,0,0
1695,2,0
1696,3,0
1697,4,0
1698,3,0
1699,4,0
1700,4,0
1701,2,0
1702,1,0
1703,3,0
1704,1,0
1705,4,0
1706,1,0
1707,0,0
1708,0,0
1709,2,0
1710,0,0
1711,1,0
1712,1,0
1713,4,0
1714,3,0
1715,3,0
1716,4,0
1717,1,0
1718,0,0
1719,1,0
1720,1,0
1721,2,0
1722,3,0
1723,2,0
1724,0,0
1725,0,0
1726,0,0
1727,3,0
1728,1,0
1729,4,0
1730,1,0
1731,0,0
1732,3,0
1733,3,0
1734,4,0
1735,3,0
1736,1,0
1737,4,0
1738,2,0
1739,2,0
1740,4,0
1741,3,0
1742,1,0
1743,2,0
1744,2,0
1745,2,0
1746,0,0
1747,2,0
1748,1,0
1749,2,0
1750,1,0
1751,0,0
1752,2,0
1753,0,0
1754,1,0
1755,1,0
1756,4,0
1757,0,0
1758,0,0
1759,1,0
1760,2,0
1761,3,0
1762,1,0
1763,4,0
1764,1,0
1765,4,0
1766,2,0
1767,4,0
1768,2,0
1769,1,0
1770,4,0
1771,2,0
1772,3,0
1773,1,0
1774,0,0
1775,0,0
1776,0,0
1777,3,0
1778,4,0
1779,0,0
1780,2,0
1781,4,0
1782,0,0
1783,4,0
1784,2,0
1785,0,0
1786,0,0
1787,3,0
1788,4,0
1789,2,0
1790,4,0
1791,1,0
1792,4,0
1793,4,0
1794,1,0
1795,1,0
1796,2,0
1797,1,0
1798,2,0
1799,4,0
1800,4,0
1801,3,0
1802,1,0
1803,0,0
1804,2,0
1805,0,0
1806,2,0
1807,4,0
1808,0,0
1809,3,0
1810,3,0
1811,1,0
1812,0,0
1813,3,0
1814,2,0
1815,3,0
1816,4,0
1817,1,0
1818,4,0
1819,0,0
1820,4,0
1821,2,0
1822,4,0
1823,4,0
1824,3,0
1825,0,0
1826,4,0
1827,2,0
1828,3,0
1829,1,0
1830,1,0
1831,2,0
1832,0,0
1833,0,0
1834,2,0
1835,2,0
1836,3,0
1837,3,0
1838,2,0
1839,2,0
1840,4,0
1841,0,0
1842,1,0
1843,3,0
1844,3,0
1845,3,0
1846,3,0
1847,0,0
1848,2,0
1849,0,0
1850,4,0
1851,4,0
1852,1,0
1853,0,0
1854,2,0
1855,1,0
1856,3,0
1857,3,0
1858,1,0
1859,2,0
1860,0,0
1861,4,0
1862,0,0
1863,2,0
1864,4,0
1865,4,0
1866,1,0
1867,1,0
1868,3,0
1869,4,0
1870,1,0
1871,3,0
1872,0,0
1873,0,0
1874,1,0
1875,4,0
1876,0,0
1877,0,0
1878,3,0
1879,4,0
1880,3,0
1881,3,0
1882,2,0
1883,3,1
1884,0,0
1885,4,0
1886,1,0
1887,3,0
1888,3,0
1889,3,0
1890,4,0
1891,1,0
1892,0,0
1893,4,0
1894,1,0
1895,2,0
1896,1,0
1897,2,0
1898,3,0
1899,0,0
1900,3,0
1901,2,0
1902,1,0
1903,2,0
1904,4,0
1905,2,0
1906,1,0
1907,4,0
1908,4,0
1909,3,0
1910,4,0
1911,3,0
1912,2,0
1913,0,0
1914,0,0
1915,4,0
1916,4,0
1917,0,0
1918,1,0
1919,3,0
1920,2,0
1921,2,0
1922,1,0
1923,3,0
1924,1,0
1925,4,0
1926,4,0
1927,0,0
1928,1,0
1929,2,0
1930,2,0
1931,4,0
1932,2,0
1933,2,0
1934,4,0
1935,1,0
1936,2,0
1937,1,0
1938,1,0
1939,1,0
1940,2,0
1941,1,0
1942,1,0
1943,3,0
1944,1,0
1945,0,0
1946,1,0
1947,3,0
1948,1,0
1949,0,0
1950,0,0
1951,0,0
1952,4,0
1953,2,0
1954,3,0
1955,4,0
1956,1,0
1957,0,0
1958,2,0
1959,0,0
1960,0,0
1961,1,0
1962,1,0
1963,2,0
1964,1,0
1965,2,0
1966,0,0
1967,4,0
1968,4,0
1969,1,0
1970,2,0
1971,2,0
1972,4,0
1973,1,0
1974,4,0
1975,3,0
1976,4,0
1977,4,0
1978,1,0
1979,3,0
1980,1,0
1981,1,0
1982,0,0
1983,3,0
1984,4,0
1985,0,0
1986,3,0
1987,0,0
1988,1,0
1989,2,0
1990,1,0
1991,0,0
1992,2,0
1993,2,0
1994,1,0
1995,0,0
1996,0,0
1997,0,0
1998,0,0
1999,0,0
2000,2,0
2001,4,0
2002,1,0
2003,4,0
2004,0,0
2005,1,0
2006,4,0
2007,2,0
2008,2,0
2009,3,0
2010,2,0
2011,0,0
2012,1,0
2013,0,0
2014,1,0
2015,3,0
2016,2,0
2017,2,0
2018,2,0
2019,3,0
2020,0,0
2021,0,0
2022,4,0
2023,3,0
2024,0,0
2025,3,0
2026,1,0
2027,2,0
2028,2,0
2029,4,0
2030,4,0
2031,2,0
2032,2,0
2033,2,0
2034,3,0
2035,2,0
2036,2,0
2037,2,0
2038,0,0
2039,1,0
2040,1,0
2041,2,0
2042,4,0
2043,4,0
2044,1,0
2045,0,0
2046,4,0
2047,2,0
2048,3,0
2049,4,0
2050,4,0
2051,1,0
2052,4,0
2053,2,0
2054,4,0
2055,3,0
2056,4,0
2057,1,0
2058,0,0
2059,3,0
2060,2,0
2061,4,0
2062,0,0
2063,0,0
2064,1,0
2065,0,0
2066,0,0
2067,2,0
2068,3,0
2069,3,0
2070,0,0
2071,3,0
2072,1,0
2073,1,0
2074,0,0
2075,4,0
2076,3,0
2077,0,0
2078,0,0
2079,4,0
2080,0,0
2081,4,0
2082,0,0
2083,1,0
2084,1,0
2085,4,0
2086,0,0
2087,4,0
2088,4,0
2089,1,0
2090,2,0
2091,4,0
2092,4,0
2093,1,0
2094,1,0
2095,3,0
2096,1,0
2097,0,0
2098,1,0
2099,1,0
2100,2,0
2101,3,0
2102,4,0
2103,1,0
2104,1,0
2105,0,0
2106,2,0
2107,2,0
2108,4,0
2109,0,0
2110,4,0
2111,4,0
2112,4,0
2113,1,0
2114,2,0
2115,0,0
2116,2,0
2117,3,0
2118,0,0
2119,3,0
2120,2,0
2121,0,0
2122,2,0
2123,3,0
2124,0,0
2125,4,0
2126,4,0
2127,2,0
2128,1,0
2129,1,0
2130,0,0
2131,2,0
2132,1,0
2133,0,0
2134,2,0
2135,4,0
2136,1,0
2137,4,0
2138,1,0
2139,2,0
2140,1,0
2141,0,0
2142,0,0
2143,3,0
2144,2,0
2145,0,0
2146,4,0
2147,3,0
2148,4,0
2149,4,0
2150,2,0
2151,4,0
2152,2,0
2153,1,0
2154,3,0
2155,1,0
2156,2,0
2157,0,0
2158,1,0
2159,0,0
2160,3,0
2161,1,0
2162,3,0
2163,4,0
2164,2,0
2165,4,0
2166,1,0
2167,3,0
2168,4,0
2169,1,0
2170,3,0
2171,1,0
2172,4,0
2173,2,0
2174,2,0
2175,2,0
2176,0,0
2177,2,0
2178,1,0
2179,0,0
2180,0,0
2181,4,0
2182,0,0
2183,2,0
2184,3,0
2185,2,0
2186,4,0
2187,4,0
2188,1,0
2189,3,0
2190,0,0
2191,1,0
2192,3,0
2193,0,0
2194,1,0
2195,1,0
2196,2,0
2197,3,0
2198,3,0
2199,3,0
2200,2,0
2201,1,0
2202,0,0
2203,3,0
2204,1,0
2205,3,0
2206,3,0
2207,2,0
2208,2,0
2209,1,0
2210,0,0
2211,1,0
2212,3,0
2213,3,0
2214,4,0
2215,0,0
2216,4,0
2217,2,0
2218,3,0
2219,1,0
2220,0,0
2221,4,0
2222,3,0
2223,2,0
2224,2,0
2225,1,0
2226,3,0
2227,4,0
2228,3,0
2229,4,0
2230,1,0
2231,1,0
2232,1,0
2233,3,0
2234,1,0
2235,2,0
2236,2,0
2237,2,0
2238,1,0
2239,2,0
2240,2,0
2241,4,0
2242,3,0
2243,1,0
2244,0,0
2245,2,0
2246,0,0
2247,3,0
2248,2,0
2249,3,0
2250,2,0
2251,1,0
2252,0,0
2253,0,0
2254,0,0
2255,3,0
2256,1,0
2257,4,0
2258,1,0
2259,3,0
2260,4,0
2261,0,0
2262,0,0
2263,0,0
2264,1,0
2265,3,0
2266,0,0
2267,3,0
2268,4,0
2269,2,0
2270,3,0
2271,1,0
2272,0,0
2273,3,0
2274,2,0
2275,1,0
2276,3,0
2277,1,0
2278,2,0
2279,2,0
2280,4,0
2281,1,0
2282,1,0
2283,4,0
2284,2,0
2285,0,0
2286,1,0
2287,4,0
2288,3,0
2289,1,0
2290,2,0
2291,4,0
2292,2,0
2293,1,0
2294,4,0
2295,1,0
2296,2,0
2297,1,0
2298,1,0
2299,1,0
2300,0,0
2301,3,0
2302,0,0
2303,0,0
2304,1,0
2305,0,0
2306,2,0
2307,0,0
2308,4,0
2309,4,0
2310,3,0
2311,2,0
2312,4,0
2313,4,0
2314,3,0
2315,0,0
2316,0,0
2317,1,0
2318,3,0
2319,0,0
2320,1,0
2321,3,0
2322,2,0
2323,4,0
2324,3,0
2325,2,0
2326,2,0
2327,4,0
2328,2,0
2329,0,0
2330,3,0
2331,3,0
2332,3,0
2333,2,0
2334,3,0
2335,0,0
2336,4,0
2337,1,0
2338,3,0
2339,2,0
2340,0,0
2341,3,0
2342,2,0
2343,4,0
2344,1,0
2345,0,0
2346,3,0
2347,2,0
2348,1,0
2349,2,0
2350,4,0
2351,0,0
2352,1,0
2353,2,0
2354,1,0
2355,4,0
2356,4,0
2357,1,0
2358,0,0
2359,4,0
2360,4,0
2361,1,0
2362,3,0
2363,0,0
2364,0,0
2365,4,0
2366,4,0
2367,0,0
2368,0,0
2369,1,0
2370,2,0
2371,3,0
2372,1,0
2373,3,0
2374,2,0
2375,0,0
2376,2,0
2377,0,0
2378,3,0
2379,1,0
2380,1,0
2381,0,0
2382,4,0
2383,3,0
2384,3,0
2385,3,0
2386,1,0
2387,2,0
2388,0,0
2389,2,0
2390,2,0
2391,2,0
2392,3,0
2393,1,0
2394,1,0
2395,2,0
2396,0,0
2397,0,0
2398,4,0
2399,3,0
2400,2,0
2401,3,0
2402,4,0
2403,3,0
2404,2,0
2405,3,0
2406,0,0
2407,2,0
2408,3,0
2409,1,0
2410,2,0
2411,1,0
2412,0,0
2413,2,0
2414,0,0
2415,2,0
2416,4,0
2417,4,1
2418,2,0
2419,1,0
2420,0,0
2421,4,0
2422,1,0
2423,2,0
2424,1,0
2425,2,0
2426,2,0
2427,2,0
2428,3,0
2429,3,0
2430,3,0
2431,0,0
2432,3,0
2433,0,0
2434,1,0
2435,3,0
2436,2,0
2437,2,0
2438,4,0
2439,2,0
2440,4,0
2441,2,0
2442,0,0
2443,3,0
2444,4,0
2445,2,0
2446,2,0
2447,4,0
2448,2,0
2449,2,0
2450,4,0
2451,2,0
2452,4,0
2453,0,0
2454,4,0
2455,2,0
2456,2,0
2457,4,0
2458,2,0
2459,4,0
2460,4,0
2461,1,0
2462,0,0
2463,0,0
2464,4,0
2465,0,0
2466,3,0
2467,1,0
2468,2,0
2469,1,0
2470,2,0
2471,4,0
2472,2,0
2473,4,0
2474,2,0
2475,3,0
2476,2,0
2477,4,0
2478,1,0
2479,3,0
2480,3,0
2481,0,0
2482,4,0
2483,3,0
2484,3,0
2485,1,0
2486,2,0
2487,1,0
2488,4,0
2489,3,0
2490,3,0
2491,4,0
2492,4,0
2493,1,0
2494,4,0
2495,4,0
2496,1,0
2497,3,0
2498,4,0
2499,4,0
2500,4,0
2501,0,0
2502,2,0
2503,4,0
2504,1,0
2505,0,0
2506,3,0
2507,1,0
2508,4,0
2509,0,0
2510,0,0
2511,0,0
2512,0,0
2513,3,0
2514,0,0
2515,0,0
2516,3,0
2517,2,0
2518,1,0
2519,3,0
2520,2,0
2521,1,0
2522,1,0
2523,2,0
2524,0,0
2525,2,0
2526,4,0
2527,2,0
2528,3,0
2529,1,0
2530,3,0
2531,2,0
2532,4,0
2533,3,0
2534,3,0
2535,1,0
2536,3,0
2537,2,0
2538,1,0
2539,4,0
2540,2,0
2541,1,0
2542,3,0
2543,4,0
2544,1,0
2545,0,0
2546,2,0
2547,2,0
2548,4,0
2549,4,0
2550,1,0
2551,2,0
2552,2,0
2553,3,0
2554,4,0
2555,2,0
2556,4,0
2557,1,0
2558,1,0
2559,3,0
2560,4,0
2561,2,0
2562,0,0
2563,4,0
2564,4,0
2565,1,0
2566,2,0
2567,2,0
2568,4,0
2569,2,0
2570,0,0
2571,3,0
2572,2,0
2573,2,0
2574,1,0
2575,1,0
2576,1,0
2577,0,0
2578,4,0
2579,2,0
2580,3,0
2581,3,0
2582,3,0
2583,2,0
2584,2,0
2585,2,0
2586,0,0
2587,1,0
2588,1,0
2589,4,0
2590,0,0
2591,4,0
2592,0,0
2593,1,0
2594,4,0
2595,1,0
2596,0,0
2597,4,0
2598,1,0
2599,3,0
2600,3,0
2601,3,0
2602,2,0
2603,3,0
2604,0,0
2605,1,0
2606,0,0
2607,1,0
2608,4,0
2609,0,0
2610,2,0
2611,2,0
2612,2,0
2613,4,0
2614,1,0
2615,3,0
2616,2,0
2617,0,0
2618,1,0
2619,4,0
2620,0,0
2621,4,0
2622,3,0
2623,1,0
2624,4,0
2625,1,0
2626,4,0
2627,3,0
2628,0,0
2629,4,0
2630,2,0
2631,2,0
2632,1,0
2633,3,0
2634,2,0
2635,2,0
2636,0,0
2637,0,0
2638,1,0
2639,4,0
2640,3,0
2641,1,0
2642,2,0
2643,0,0
2644,4,0
2645,4,0
2646,0,0
2647,2,0
2648,4,0
2649,2,0
2650,2,0
2651,3,0
2652,3,0
2653,0,0
2654,2,0
2655,3,0
2656,4,0
2657,4,0
2658,1,0
2659,1,0
2660,4,0
2661,2,0
2662,1,0
2663,2,0
2664,0,0
2665,3,0
2666,3,0
2667,0,0
2668,0,0
2669,0,0
2670,3,0
2671,3,0
2672,2,0
2673,0,0
2674,0,0
2675,4,0
2676,2,0
2677,2,0
2678,4,0
2679,1,0
2680,0,0
2681,3,0
2682,2,0
2683,3,0
2684,3,0
2685,1,0
2686,1,0
2687,3,0
2688,0,0
2689,1,0
2690,1,0
2691,0,0
2692,2,0
2693,0,0
2694,4,0
2695,0,0
2696,4,0
2697,3,0
2698,4,0
2699,4,0
2700,2,0
2701,4,0
2702,4,0
2703,4,0
2704,0,0
2705,3,0
2706,2,0
2707,3,0
2708,1,0
2709,3,0
2710,2,0
2711,4,0
2712,3,0
2713,2,0
2714,2,0
2715,1,0
2716,2,0
2717,3,0
2718,2,0
2719,1,0
2720,2,0
2721,4,0
2722,2,0
2723,2,0
2724,2,0
2725,4,0
2726,0,0
2727,4,0
2728,4,0
2729,1,0
2730,0,0
2731,0,0
2732,3,0
2733,0,0
2734,0,0
2735,4,0
2736,2,0
2737,3,0
2738,4,0
2739,4,0
2740,3,0
2741,2,0
2742,4,0
2743,0,0
2744,0,0
2745,4,0
2746,1,0
2747,4,0
2748,0,0
2749,1,0
2750,0,0
2751,2,0
2752,0,0
2753,1,0
2754,1,0
2755,2,0
2756,3,0
2757,0,0
2758,3,0
2759,4,0
2760,0,0
2761,0,0
2762,0,0
2763,1,0
2764,0,0
2765,3,0
2766,4,0
2767,1,0
2768,3,0
2769,0,0
2770,0,0
2771,2,0
2772,1,0
2773,4,0
2774,4,0
2775,1,0
2776,0,0
2777,2,0
2778,2,0
2779,3,0
2780,2,0
2781,2,0
2782,3,0
2783,0,0
2784,2,0
2785,0,0
2786,2,0
2787,0,0
2788,2,0
2789,2,0
2790,2,0
2791,3,0
2792,1,0
2793,0,0
2794,0,0
2795,1,0
2796,3,0
2797,0,0
2798,1,0
2799,2,0
2800,3,0
2801,1,0
2802,2,0
2803,3,0
2804,2,0
2805,3,0
2806,0,0
2807,3,0
2808,3,0
2809,1,0
2810,4,0
2811,3,0
2812,4,0
2813,2,0
2814,4,0
2815,1,0
2816,4,0
2817,2,0
2818,0,0
2819,0,0
2820,0,0
2821,1,0
2822,4,0
2823,0,0
2824,0,0
2825,0,0
2826,3,0
2827,0,0
2828,1,0
2829,4,0
2830,1,0
2831,2,0
2832,2,0
2833,1,0
2834,0,0
2835,4,0
2836,4,0
2837,3,0
2838,0,0
2839,3,0
2840,3,0
2841,0,0
2842,2,0
2843,2,0
2844,0,0
2845,2,0
2846,4,0
2847,1,0
2848,2,0
2849,2,0
2850,2,0
2851,4,0
2852,3,0
2853,1,0
2854,4,0
2855,3,0
2856,1,0
2857,2,0
2858,2,0
2859,4,0
2860,4,0
2861,4,0
2862,3,0
2863,1,0
2864,1,0
2865,3,0
2866,2,0
2867,3,0
2868,1,0
2869,1,0
2870,4,0
2871,1,0
2872,2,0
2873,4,0
2874,4,0
2875,2,0
2876,4,0
2877,4,0
2878,0,0
2879,3,0
2880,4,0
2881,2,0
2882,4,0
2883,3,0
2884,2,0
2885,2,0
2886,4,0
2887,3,0
2888,4,0
2889,3,0
2890,0,0
2891,0,0
2892,1,0
2893,2,0
2894,4,0
2895,2,0
2896,4,0
2897,4,0
2898,2,0
2899,3,0
2900,0,0
2901,1,0
2902,3,0
2903,0,0
2904,4,0
2905,0,0
2906,3,0
2907,0,0
2908,3,0
2909,2,0
2910,4,0
2911,3,0
2912,2,0
2913,0,0
2914,1,0
2915,4,0
2916,2,0
2917,4,0
2918,1,0
2919,4,0
2920,4,0
2921,4,0
2922,2,0
2923,1,0
2924,4,0
2925,1,0
2926,3,0
2927,1,0
2928,3,0
2929,0,0
2930,4,0
2931,2,0
2932,0,0
2933,3,0
2934,1,0
2935,1,0
2936,0,0
2937,1,0
2938,2,0
2939,4,0
2940,0,0
2941,4,0
2942,0,0
2943,4,0
2944,2,0
2945,1,0
2946,3,0
2947,0,0
2948,4,0
2949,0,0
2950,4,0
2951,3,0
2952,0,0
2953,1,0
2954,4,0
2955,0,0
2956,3,0
2957,2,0
2958,4,0
2959,2,0
2960,4,0
2961,2,0
2962,4,0
2963,0,0
2964,3,0
2965,4,0
2966,3,0
2967,3,0
2968,2,0
2969,0,0
2970,4,0
2971,1,0
2972,3,0
2973,0,0
2974,4,0
2975,2,0
2976,1,0
2977,2,0
2978,2,0
2979,4,0
2980,0,0
2981,2,0
2982,0,0
2983,0,0
2984,4,0
2985,2,0
2986,4,0
2987,1,0
2988,2,0
2989,0,0
2990,0,0
2991,4,0
2992,4,0
2993,3,0
2994,4,0
2995,3,0
2996,0,0
2997,3,0
2998,4,0
2999,0,0
3000,3,0
3001,4,0
3002,3,0
3003,2,0
3004,1,0
3005,0,0
3006,2,0
3007,3,0
3008,1,0
3009,2,0
3010,4,0
3011,1,0
3012,2,0
3013,2,0
3014,4,0
3015,3,0
3016,2,0
3017,4,0
3018,1,0
3019,2,0
3020,0,0
3021,2,0
3022,1,0
3023,3,0
3024,2,0
3025,2,0
3026,4,0
3027,4,0
3028,1,0
3029,0,0
3030,3,0
3031,2,0
3032,1,0
3033,0,0
3034,2,0
3035,4,0
3036,1,0
3037,4,0
3038,1,0
3039,3,0
3040,4,0
3041,3,0
3042,4,0
3043,0,0
3044,3,0
3045,1,0
3046,3,0
3047,0,0
3048,3,0
3049,3,0
3050,1,0
3051,4,0
3052,4,0
3053,0,0
3054,2,0
3055,3,0
3056,0,0
3057,0,0
3058,4,0
3059,3,0
3060,2,0
3061,1,0
3062,0,0
3063,3,0
3064,0,0
3065,2,0
3066,1,0
3067,0,0
3068,2,0
3069,1,0
3070,1,0
3071,1,0
3072,0,0
3073,3,0
3074,0,0
3075,4,0
3076,4,0
3077,1,0
3078,3,0
3079,2,0
3080,0,0
3081,1,0
3082,1,0
3083,3,0
3084,0,0
3085,2,0
3086,3,0
3087,2,0
3088,2,0
3089,0,0
3090,0,0
3091,1,0
3092,0,0
3093,0,0
3094,3,0
3095,0,0
3096,0,0
3097,0,0
3098,3,0
3099,3,0
3100,3,0
3101,1,0
3102,4,0
3103,3,0
3104,4,0
3105,3,0
3106,3,0
3107,0,0
3108,2,0
3109,3,0
3110,3,0
3111,3,0
3112,0,0
3113,1,0
3114,0,0
3115,0,0
3116,2,0
3117,1,0
3118,0,0
3119,2,0
3120,0,0
3121,2,0
3122,2,0
3123,1,0
3124,2,0
3125,3,0
3126,4,0
3127,0,0
3128,4,0
3129,2,0
3130,3,0
3131,1,0
3132,2,0
3133,4,0
3134,3,0
3135,4,0
3136,1,0
3137,3,0
3138,1,0
3139,1,0
3140,3,0
3141,1,0
3142,3,0
3143,2,0
3144,1,0
3145,3,0
3146,0,0
3147,4,0
3148,0,0
3149,2,0
3150,1,0
3151,2,0
3152,1,0
3153,0,0
3154,1,0
3155,4,0
3156,4,0
3157,0,0
3158,3,0
3159,3,0
3160,3,0
3161,0,0
3162,4,0
3163,0,0
3164,0,0
3165,4,0
3166,3,0
3167,2,0
3168,0,0
3169,1,0
3170,3,0
3171,4,0
3172,4,0
3173,0,0
3174,1,0
3175,3,0
3176,4,0
3177,2,0
3178,3,0
3179,3,0
3180,1,0
3181,2,0
3182,0,0
3183,1,0
3184,0,0
3185,4,0
3186,2,0
3187,1,0
3188,3,0
3189,0,0
3190,1,0
3191,4,0
3192,0,0
3193,1,0
3194,4,0
3195,0,0
3196,1,0
3197,2,0
3198,2,0
3199,2,0
3200,1,0
3201,3,0
3202,2,0
3203,3,0
3204,2,0
3205,0,0
3206,2,0
3207,1,0
3208,4,0
3209,2,0
3210,3,0
3211,0,0
3212,4,0
3213,2,0
3214,3,0
3215,1,0
3216,3,0
3217,4,0
3218,3,0
3219,4,0
3220,0,0
3221,4,0
3222,1,0
3223,1,0
3224,3,0
3225,2,0
3226,3,0
3227,1,0
3228,4,0
3229,1,0
3230,2,0
3231,0,0
3232,4,0
3233,0,0
3234,1,0
3235,2,0
3236,4,0
3237,0,0
3238,0,0
3239,0,0
3240,1,0
3241,0,0
3242,2,0
3243,2,0
3244,1,0
3245,1,0
3246,3,0
3247,1,0
3248,1,0
3249,1,0
3250,2,0
3251,3,0
3252,0,0
3253,0,0
3254,1,0
3255,3,0
3256,3,0
3257,1,0
3258,3,0
3259,2,0
3260,2,0
3261,1,0
3262,0,0
3263,3,0
3264,0,0
3265,1,0
3266,0,0
3267,3,0
3268,1,0
3269,4,0
3270,1,0
3271,2,0
3272,2,0
3273,2,0
3274,2,0
3275,3,0
3276,0,0
3277,2,0
3278,2,0
3279,0,0
3280,3,0
3281,2,0
3282,4,0
3283,2,0
3284,0,0
3285,3,0
3286,4,0
3287,4,0
3288,4,0
3289,1,0
3290,4,0
3291,2,0
3292,4,0
3293,4,0
3294,2,0
3295,0,0
3296,3,0
3297,1,0
3298,2,0
3299,4,0
3300,1,0
3301,3,0
3302,3,0
3303,2,0
3304,0,0
3305,4,0
3306,1,0
3307,0,0
3308,2,0
3309,3,0
3310,1,0
3311,4,0
3312,1,0
3313,4,0
3314,4,0
3315,3,0
3316,2,0
3317,0,0
3318,1,0
3319,3,0
3320,4,0
3321,2,0
3322,0,0
3323,4,0
3324,3,0
3325,1,0
3326,3,0
3327,3,0
3328,1,0
3329,3,0
3330,3,0
3331,2,0
3332,3,0
3333,0,0
3334,0,0
3335,4,0
3336,4,0
3337,2,0
3338,0,0
3339,4,0
3340,3,0
3341,0,0
3342,3,0
3343,2,0
3344,0,0
3345,1,0
3346,3,0
3347,3,0
3348,1,0
3349,1,0
3350,0,0
3351,1,0
3352,0,0
3353,1,0
3354,3,0
3355,4,1
3356,0,0
3357,2,0
3358,2,0
3359,3,0
3360,1,0
3361,4,0
3362,0,0
3363,0,0
3364,2,0
3365,1,0
3366,4,0
3367,2,0
3368,1,0
3369,1,0
3370,2,0
3371,1,0
3372,2,0
3373,2,0
3374,4,0
3375,4,0
3376,2,0
3377,3,0
3378,0,0
3379,4,0
3380,1,0
3381,1,0
3382,0,0
3383,0,0
3384,2,0
3385,3,0
3386,0,0
3387,0,0
3388,4,0
3389,1,0
3390,3,0
3391,1,0
3392,1,0
3393,3,0
3394,3,0
3395,2,0
3396,4,0
3397,0,0
3398,4,0
3399,0,0
3400,0,0
3401,4,0
3402,4,0
3403,3,0
3404,4,0
3405,3,0
3406,0,0
3407,4,0
3408,3,0
3409,4,0
3410,2,0
3411,1,0
3412,0,0
3413,0,0
3414,3,0
3415,0,0
3416,1,0
3417,0,0
3418,0,0
3419,2,0
3420,1,0
3421,3,0
3422,4,0
3423,2,0
3424,0,0
3425,1,0
3426,1,0
3427,0,0
3428,2,0
3429,4,0
3430,3,0
3431,1,0
3432,2,0
3433,2,0
3434,4,0
3435,2,0
3436,1,0
3437,3,0
3438,2,0
3439,2,0
3440,2,0
3441,1,0
3442,0,0
3443,2,0
3444,1,0
3445,0,0
3446,0,0
3447,1,0
3448,2,0
3449,1,0
3450,3,0
3451,4,0
3452,1,0
3453,1,0
3454,1,0
3455,4,0
3456,1,0
3457,2,0
3458,3,0
3459,2,0
3460,0,0
3461,0,0
3462,0,0
3463,3,0
3464,4,0
3465,2,0
3466,4,0
3467,2,0
3468,4,0
3469,1,0
3470,3,0
3471,2,0
3472,4,0
3473,2,0
3474,1,0
3475,3,0
3476,0,0
3477,2,0
3478,3,0
3479,1,0
3480,2,0
3481,1,0
3482,4,0
3483,0,0
3484,4,0
3485,0,0
3486,0,0
3487,4,0
3488,1,0
3489,2,0
3490,2,0
3491,3,0
3492,4,0
3493,2,0
3494,1,0
3495,2,0
3496,1,0
3497,0,0
3498,4,0
3499,2,0
3500,2,0
3501,0,0
3502,2,0
3503,3,0
3504,2,0
3505,3,0
3506,2,0
3507,2,0
3508,1,0
3509,3,0
3510,0,0
3511,3,0
3512,4,0
3513,3,0
3514,0,0
3515,1,0
3516,1,0
3517,2,0
3518,2,0
3519,1,0
3520,2,0
3521,0,0
3522,2,0
3523,3,0
3524,1,0
3525,1,0
3526,0,0
3527,3,0
3528,1,0
3529,3,0
3530,4,0
3531,0,0
3532,4,0
3533,2,0
3534,0,0
3535,2,0
3536,2,0
3537,2,0
3538,4,0
3539,2,0
3540,4,0
3541,1,0
3542,4,0
3543,0,0
3544,3,0
3545,4,0
3546,0,0
3547,3,0
3548,0,0
3549,2,0
3550,1,0
3551,4,0
3552,0,0
3553,3,0
3554,1,0
3555,1,0
3556,3,0
3557,1,0
3558,1,0
3559,4,0
3560,2,0
3561,3,0
3562,2,0
3563,3,0
3564,3,0
3565,4,0
3566,4,0
3567,3,0
3568,3,0
3569,3,0
3570,4,0
3571,2,0
3572,1,0
3573,4,0
3574,4,0
3575,0,0
3576,3,0
3577,4,0
3578,3,0
3579,3,0
3580,4,0
3581,1,0
3582,1,0
3583,2,0
3584,1,0
3585,3,0
3586,4,0
3587,2,0
3588,2,0
3589,3,0
3590,1,0
3591,3,0
3592,4,0
3593,1,0
3594,0,0
3595,2,0
3596,3,0
3597,2,0
3598,1,0
3599,1,0
3600,2,0
3601,0,0
3602,0,0
3603,1,0
3604,2,0
3605,3,0
3606,0,0
3607,1,0
3608,4,0
3609,3,0
3610,1,0
3611,0,0
3612,0,0
3613,1,0
3614,0,1
3615,2,0
3616,3,0
3617,0,0
3618,1,0
3619,3,0
3620,0,0
3621,0,0
3622,4,0
3623,4,0
3624,2,0
3625,1,0
3626,3,0
3627,0,0
3628,3,0
3629,2,0
3630,2,0
3631,2,0
3632,3,0
3633,2,0
3634,0,0
3635,4,0
3636,1,0
3637,1,0
3638,0,0
3639,1,0
3640,2,0
3641,3,0
3642,3,0
3643,3,0
3644,3,0
3645,2,0
3646,0,0
3647,0,0
3648,2,0
3649,0,0
3650,3,0
3651,1,0
3652,4,0
3653,0,0
3654,1,0
3655,2,0
3656,4,0
3657,2,0
3658,3,0
3659,1,0
3660,0,0
3661,2,0
3662,1,0
3663,1,0
3664,3,0
3665,4,0
3666,2,0
3667,2,0
3668,4,0
3669,2,0
3670,4,0
3671,3,0
3672,1,0
3673,2,0
3674,1,0
3675,3,0
3676,3,0
3677,1,0
3678,1,0
3679,1,0
3680,3,0
3681,2,0
3682,2,0
3683,0,0
3684,1,0
3685,0,0
3686,0,0
3687,2,0
3688,3,0
3689,2,0
3690,3,0
3691,2,0
3692,2,0
3693,3,0
3694,0,0
3695,0,0
3696,1,0
3697,4,0
3698,0,0
3699,0,0
3700,4,0
3701,1,0
3702,2,0
3703,0,0
3704,4,0
3705,3,0
3706,4,0
3707,3,0
3708,0,0
3709,1,0
3710,3,0
3711,2,0
3712,1,0
3713,3,0
3714,1,0
3715,0,0
3716,2,0
3717,1,0
3718,1,0
3719,2,0
3720,4,0
3721,0,0
3722,4,0
3723,4,0
3724,0,0
3725,4,0
3726,1,0
3727,1,0
3728,2,0
3729,4,0
3730,2,0
3731,1,0
3732,1,0
3733,2,0
3734,2,0
3735,1,0
3736,2,0
3737,1,0
3738,3,0
3739,0,0
3740,2,0
3741,1,0
3742,3,0
3743,2,0
3744,3,0
3745,2,0
3746,2,0
3747,2,0
3748,1,0
3749,2,0
3750,0,0
3751,3,0
3752,2,0
3753,0,0
3754,4,0
3755,1,0
3756,3,0
3757,4,0
3758,2,0
3759,0,0
3760,0,0
3761,1,0
3762,0,0
3763,3,0
3764,4,0
3765,3,0
3766,1,0
3767,3,0
3768,2,0
3769,1,0
3770,4,0
3771,1,0
3772,2,0
3773,3,0
3774,0,0
3775,4,0
3776,2,0
3777,2,0
3778,0,0
3779,4,0
3780,4,0
3781,3,0
3782,2,0
3783,0,0
3784,3,0
3785,3,0
3786,3,0
3787,2,0
3788,0,0
3789,1,0
3790,0,0
3791,3,0
3792,0,0
3793,0,0
3794,4,0
3795,2,0
3796,0,0
3797,2,0
3798,2,0
3799,1,0
3800,2,0
3801,4,0
3802,0,0
3803,1,0
3804,3,0
3805,2,0
3806,0,0
3807,2,0
3808,3,0
3809,0,0
3810,0,0
3811,2,0
3812,0,0
3813,4,0
3814,3,0
3815,4,0
3816,0,0
3817,4,0
3818,2,0
3819,3,0
3820,4,0
3821,2,0
3822,3,0
3823,1,0
3824,4,0
3825,1,0
3826,4,0
3827,4,0
3828,3,0
3829,1,0
3830,2,0
3831,3,0
3832,2,0
3833,4,0
3834,3,0
3835,3,0
3836,1,0
3837,1,0
3838,4,0
3839,2,0
3840,3,0
3841,1,0
3842,2,0
3843,0,0
3844,0,0
3845,0,0
3846,3,0
3847,4,0
3848,4,0
3849,0,0
3850,1,0
3851,0,0
3852,0,0
3853,1,0
3854,2,0
3855,3,0
3856,4,0
3857,0,0
3858,1,0
3859,1,0
3860,2,0
3861,0,0
3862,0,0
3863,3,0
3864,3,0
3865,3,0
3866,0,0
3867,0,0
3868,0,0
3869,1,0
3870,4,0
3871,2,0
3872,1,0
3873,0,0
3874,3,0
3875,1,0
3876,1,0
3877,3,0
3878,2,0
3879,3,0
3880,0,0
3881,4,0
3882,3,0
3883,1,0
3884,1,0
3885,1,0
3886,2,0
3887,4,0
3888,2,0
3889,4,0
3890,1,0
3891,1,0
3892,3,0
3893,4,0
3894,1,0
3895,4,0
3896,1,0
3897,0,0
3898,3,0
3899,4,0
3900,3,0
3901,2,0
3902,4,0
3903,0,0
3904,2,0
3905,4,0
3906,0,0
3907,1,0
3908,2,0
3909,0,0
3910,2,0
3911,4,0
3912,1,0
3913,4,0
3914,3,0
3915,3,0
3916,2,0
3917,4,0
3918,3,0
3919,4,0
3920,1,0
3921,0,0
3922,0,0
3923,2,0
3924,2,0
3925,2,0
3926,3,0
3927,3,0
3928,0,0
3929,2,0
3930,3,0
3931,1,0
3932,3,0
3933,3,0
3934,3,0
3935,2,0
3936,1,0
3937,4,0
3938,3,0
3939,4,0
3940,2,0
3941,0,0
3942,3,0
3943,3,0
3944,0,0
3945,3,0
3946,0,0
3947,0,0
3948,0,0
3949,3,0
3950,2,0
3951,0,0
3952,4,0
3953,4,0
3954,3,0
3955,1,0
3956,3,0
3957,0,0
3958,3,0
3959,2,0
3960,4,0
3961,0,0
3962,1,0
3963,3,0
3964,0,0
3965,1,0
3966,3,0
3967,0,0
3968,2,0
3969,0,0
3970,2,0
3971,0,0
3972,0,0
3973,3,0
3974,2,0
3975,3,0
3976,0,0
3977,2,0
3978,0,0
3979,1,0
3980,4,0
3981,2,0
3982,2,0
3983,2,0
3984,1,0
3985,1,0
3986,3,0
3987,1,0
3988,0,0
3989,3,0
3990,0,0
3991,2,0
3992,3,0
3993,0,0
3994,3,0
3995,0,0
3996,0,0
3997,1,0
3998,2,0
3999,1,0
4000,0,0
4001,4,0
4002,3,0
4003,0,0
4004,3,0
4005,1,0
4006,4,0
4007,1,0
4008,3,0
4009,0,0
4010,4,0
4011,3,0
4012,1,0
4013,1,0
4014,0,0
4015,0,0
4016,1,0
4017,4,0
4018,4,0
4019,1,0
4020,1,0
4021,0,0
4022,0,0
4023,2,0
4024,0,0
4025,0,0
4026,1,0
4027,1,0
4028,0,0
4029,2,0
4030,3,0
4031,3,0
4032,0,0
4033,2,0
4034,2,0
4035,4,0
4036,3,0
4037,3,0
4038,1,0
4039,3,0
4040,4,0
4041,0,0
4042,3,0
4043,3,0
4044,1,0
4045,3,0
4046,1,0
4047,1,0
4048,1,0
4049,2,0
4050,4,0
4051,4,0
4052,2,0
4053,2,0
4054,0,0
4055,0,0
4056,3,0
4057,2,0
4058,4,0
4059,2,0
4060,4,0
4061,1,0
4062,3,0
4063,3,0
4064,0,0
4065,3,0
4066,3,0
4067,4,0
4068,3,0
4069,3,0
4070,3,0
4071,2,0
4072,2,0
4073,3,0
4074,2,0
4075,3,0
4076,3,0
4077,1,0
4078,0,0
4079,1,0
4080,2,0
4081,0,0
4082,1,0
4083,4,0
4084,2,0
4085,4,0
4086,2,0
4087,4,0
4088,0,0
4089,2,0
4090,2,0
4091,1,0
4092,1,0
4093,0,0
4094,2,0
4095,4,0
4096,1,0
4097,4,0
4098,4,0
4099,1,0
4100,1,0
4101,1,0
4102,2,0
4103,3,0
4104,2,0
4105,3,0
4106,4,0
4107,0,0
4108,0,0
4109,1,0
4110,4,0
4111,2,0
4112,4,0
4113,4,0
4114,3,0
4115,4,0
4116,2,0
4117,0,0
4118,1,0
4119,4,0
4120,4,0
4121,0,0
4122,0,0
4123,4,0
4124,1,0
4125,0,0
4126,1,0
4127,3,0
4128,2,0
4129,4,0
4130,3,0
4131,0,0
4132,2,0
4133,4,0
4134,0,0
4135,3,0
4136,0,0
4137,2,0
4138,0,0
4139,0,0
4140,4,0
4141,2,0
4142,1,0
4143,1,0
4144,2,0
4145,2,0
4146,0,0
4147,4,0
4148,2,0
4149,2,0
4150,1,0
4151,2,0
4152,3,0
4153,3,0
4154,2,0
4155,3,0
4156,4,0
4157,4,0
4158,1,0
4159,2,0
4160,1,0
4161,4,0
4162,3,0
4163,3,0
4164,4,0
4165,1,0
4166,1,0
4167,3,0
4168,0,0
4169,2,0
4170,3,0
4171,2,0
4172,3,0
4173,1,0
4174,0,0
4175,3,0
4176,4,0
4177,0,0
4178,1,0
4179,3,0
4180,1,0
4181,2,0
4182,3,0
4183,0,0
4184,3,0
4185,3,0
4186,2,0
4187,3,0
4188,4,0
4189,1,0
4190,3,0
4191,3,0
4192,3,0
4193,3,0
4194,2,0
4195,0,0
4196,0,0
4197,2,0
4198,0,0
4199,3,0
4200,2,0
4201,2,0
4202,3,0
4203,2,0
4204,0,0
4205,0,0
4206,3,0
4207,1,0
4208,3,0
4209,4,0
4210,4,0
4211,2,0
4212,1,0
4213,3,0
4214,2,0
4215,0,0
4216,3,0
4217,3,0
4218,2,0
4219,4,0
4220,2,0
4221,4,0
4222,0,0
4223,3,0
4224,3,0
4225,1,0
4226,4,0
4227,0,0
4228,1,0
4229,4,0
4230,2,0
4231,3,0
4232,1,0
4233,0,0
4234,2,0
4235,1,0
4236,0,0
4237,4,0
4238,1,0
4239,3,0
4240,2,0
4241,1,0
4242,1,0
4243,0,0
4244,4,0
4245,0,0
4246,2,0
4247,4,0
4248,3,0
4249,0,0
4250,1,0
4251,4,0
4252,0,0
4253,4,0
4254,2,0
4255,0,0
4256,4,0
4257,1,0
4258,0,0
4259,3,0
4260,2,0
4261,0,0
4262,3,0
4263,4,0
4264,2,0
4265,3,0
4266,4,0
4267,0,0
4268,4,0
4269,4,0
4270,4,0
4271,3,0
4272,1,0
4273,3,0
4274,0,0
4275,1,0
4276,0,0
4277,1,0
4278,4,0
4279,4,0
4280,2,0
4281,3,0
4282,3,0
4283,0,0
4284,3,0
4285,0,0
4286,1,0
4287,0,0
4288,1,0
4289,4,0
4290,1,0
4291,0,0
4292,2,0
4293,4,0
4294,1,0
4295,3,0
4296,1,0
4297,0,0
4298,4,0
4299,0,0
4300,0,0
4301,0,0
4302,1,0
4303,4,0
4304,0,0
4305,4,0
4306,3,0
4307,1,0
4308,3,0
4309,4,0
4310,1,0
4311,4,0
4312,1,0
4313,4,0
4314,4,0
4315,3,0
4316,1,0
4317,0,0
4318,1,0
4319,4,0
4320,4,0
4321,1,0
4322,1,0
4323,2,0
4324,2,0
4325,4,0
4326,3,0
4327,4,0
4328,3,0
4329,2,0
4330,1,0
4331,3,0
4332,2,0
4333,2,0
4334,1,0
4335,3,0
4336,2,0
4337,1,0
4338,3,0
4339,3,0
4340,3,0
4341,2,0
4342,3,0
4343,0,0
4344,3,0
4345,4,0
4346,1,0
4347,3,0
4348,2,0
4349,4,0
4350,0,0
4351,2,0
4352,2,0
4353,4,0
4354,1,0
4355,2,0
4356,0,0
4357,0,0
4358,0,0
4359,4,0
4360,4,0
4361,0,0
4362,3,0
4363,1,0
4364,4,0
4365,4,0
4366,0,0
4367,0,0
4368,2,0
4369,0,0
4370,4,0
4371,4,0
4372,0,0
4373,3,0
4374,3,0
4375,2,0
4376,1,0
4377,2,0
4378,1,0
4379,4,0
4380,4,0
4381,4,0
4382,3,0
4383,3,0
4384,1,0
4385,1,0
4386,2,0
4387,2,0
4388,0,0
4389,3,0
4390,1,0
4391,2,0
4392,4,0
4393,3,0
4394,2,0
4395,3,0
4396,2,0
4397,3,0
4398,2,0
4399,4,0
4400,2,0
4401,3,0
4402,4,0
4403,1,0
4404,0,0
4405,2,0
4406,2,0
4407,3,0
4408,1,0
4409,1,0
4410,4,0
4411,4,0
4412,2,0
4413,2,0
4414,4,0
4415,0,0
4416,3,0
4417,4,0
4418,0,0
4419,1,0
4420,2,0
4421,4,0
4422,3,0
4423,1,0
4424,2,0
4425,3,0
4426,4,0
4427,4,0
4428,2,0
4429,4,0
4430,1,0
4431,2,0
4432,0,0
4433,4,0
4434,3,0
4435,2,0
4436,1,0
4437,3,0
4438,0,0
4439,3,0
4440,2,0
4441,4,0
4442,3,0
4443,3,0
4444,4,0
4445,4,0
4446,2,0
4447,2,0
4448,3,0
4449,4,0
4450,1,0
4451,2,0
4452,1,0
4453,3,0
4454,0,0
4455,0,0
4456,3,0
4457,4,0
4458,0,0
4459,4,0
4460,4,0
4461,3,0
4462,0,0
4463,0,0
4464,3,0
4465,2,0
4466,0,0
4467,4,0
4468,3,0
4469,4,0
4470,1,0
4471,0,0
4472,3,0
4473,4,0
4474,2,0
4475,0,0
4476,4,0
4477,2,0
4478,0,0
4479,1,0
4480,1,0
4481,2,0
4482,4,0
4483,4,0
4484,2,0
4485,2,0
4486,0,0
4487,2,0
4488,1,0
4489,0,0
4490,1,0
4491,3,0
4492,2,0
4493,4,0
4494,1,0
4495,1,0
4496,0,0
4497,4,0
4498,0,0
4499,2,0
4500,4,0
4501,4,0
4502,2,0
4503,0,0
4504,4,0
4505,1,0
4506,0,0
4507,2,0
4508,2,0
4509,1,0
4510,1,0
4511,3,0
4512,4,0
4513,1,0
4514,0,0
4515,4,0
4516,3,0
4517,2,0
4518,2,0
4519,2,0
4520,0,0
4521,0,0
4522,3,0
4523,3,0
4524,3,0
4525,1,0
4526,1,0
4527,3,0
4528,2,0
4529,2,0
4530,1,0
4531,2,0
4532,3,0
4533,3,0
4534,1,0
4535,2,0
4536,1,0
4537,0,0
4538,2,0
4539,1,0
4540,4,0
4541,0,0
4542,0,0
4543,1,0
4544,4,0
4545,4,0
4546,1,0
4547,2,0
4548,3,0
4549,2,0
4550,3,0
4551,4,0
4552,0,0
4553,3,0
4554,2,0
4555,0,0
4556,1,0
4557,0,0
4558,3,0
4559,3,0
4560,1,0
4561,0,0
4562,4,0
4563,0,0
4564,3,0
4565,1,0
4566,4,0
4567,1,0
4568,4,0
4569,0,0
4570,3,0
4571,1,0
4572,2,0
4573,3,0
4574,1,0
4575,2,0
4576,0,0
4577,3,0
4578,1,0
4579,1,0
4580,4,0
4581,1,0
4582,1,0
4583,1,0
4584,3,0
4585,3,0
4586,4,0
4587,2,0
4588,4,0
4589,4,0
4590,2,0
4591,3,0
4592,3,0
4593,1,0
4594,0,0
4595,1,0
4596,1,0
4597,1,0
4598,1,0
4599,3,0
4600,2,0
4601,2,0
4602,0,0
4603,2,0
4604,2,0
4605,2,0
4606,0,0
4607,2,0
4608,2,0
4609,2,0
4610,3,0
4611,0,0
4612,3,0
4613,1,0
4614,2,0
4615,4,0
4616,2,0
4617,0,0
4618,2,0
4619,0,0
4620,2,0
4621,1,0
4622,4,0
4623,4,0
4624,0,0
4625,2,0
4626,1,0
4627,4,0
4628,1,0
4629,4,0
4630,2,0
4631,4,0
4632,2,0
4633,1,0
4634,4,0
4635,1,0
4636,1,0
4637,4,0
4638,4,0
4639,2,0
4640,1,0
4641,1,0
4642,2,0
4643,1,0
4644,3,0
4645,4,0
4646,1,0
4647,2,0
4648,4,0
4649,3,0
4650,4,0
4651,4,0
4652,2,0
4653,1,0
4654,2,0
4655,1,0
4656,4,0
4657,2,0
4658,3,0
4659,1,0
4660,0,0
4661,4,0
4662,3,0
4663,0,0
4664,0,0
4665,4,0
4666,1,0
4667,4,0
4668,3,0
4669,4,0
4670,2,0
4671,4,0
4672,2,0
4673,3,0
4674,4,0
4675,2,0
4676,0,0
4677,3,0
4678,3,0
4679,1,0
4680,1,0
4681,2,0
4682,1,0
4683,2,0
4684,1,0
4685,2,0
4686,4,0
4687,2,0
4688,4,0
4689,0,0
4690,2,0
4691,1,0
4692,1,0
4693,4,0
4694,2,0
4695,0,0
4696,2,0
4697,2,0
4698,4,0
4699,0,0
4700,0,0
4701,3,0
4702,3,0
4703,4,0
4704,3,0
4705,2,0
4706,2,0
4707,4,0
4708,3,0
4709,4,0
4710,0,0
4711,0,0
4712,1,0
4713,2,0
4714,4,0
4715,2,0
4716,1,0
4717,2,0
4718,1,0
4719,4,0
4720,2,0
4721,0,0
4722,2,0
4723,1,0
4724,1,0
4725,4,0
4726,0,0
4727,1,0
4728,3,0
4729,2,0
4730,0,0
4731,1,0
4732,3,0
4733,2,0
4734,2,0
4735,3,0
4736,1,0
4737,0,0
4738,1,0
4739,2,0
4740,4,0
4741,4,0
4742,0,0
4743,0,0
4744,4,0
4745,4,0
4746,4,0
4747,1,0
4748,2,0
4749,4,0
4750,3,0
4751,4,0
4752,0,0
4753,3,0
4754,4,0
4755,1,0
4756,0,0
4757,4,0
4758,2,0
4759,4,0
4760,2,0
4761,2,0
4762,4,0
4763,3,0
4764,4,0
4765,2,0
4766,2,0
4767,1,0
4768,0,0
4769,3,0
4770,0,0
4771,0,0
4772,4,0
4773,2,0
4774,0,0
4775,3,0
4776,0,0
4777,2,0
4778,3,0
4779,4,0
4780,2,0
4781,0,0
4782,2,0
4783,0,0
4784,4,0
4785,4,0
4786,3,0
4787,4,0
4788,0,0
4789,2,0
4790,0,0
4791,2,0
4792,1,0
4793,2,0
4794,1,0
4795,1,0
4796,3,0
4797,3,0
4798,4,0
4799,2,0
4800,2,0
4801,3,0
4802,2,0
4803,2,0
4804,1,0
4805,0,0
4806,3,0
4807,4,0
4808,1,0
4809,3,0
4810,1,0
4811,0,0
4812,3,0
4813,3,0
4814,0,0
4815,0,0
4816,4,0
4817,1,0
4818,0,0
4819,4,0
4820,3,0
4821,3,0
4822,1,0
4823,3,0
4824,2,0
4825,2,0
4826,4,0
4827,2,0
4828,1,0
4829,0,0
4830,1,0
4831,0,0
4832,3,0
4833,4,0
4834,0,0
4835,2,0
4836,0,0
4837,1,0
4838,4,0
4839,0,0
4840,0,0
4841,3,0
4842,1,0
4843,3,0
4844,0,0
4845,4,0
4846,2,0
4847,3,0
4848,4,0
4849,4,0
4850,3,0
4851,2,0
4852,1,0
4853,3,0
4854,0,0
4855,4,0
4856,3,0
4857,4,0
4858,1,0
4859,1,0
4860,2,0
4861,2,0
4862,3,0
4863,3,0
4864,0,0
4865,4,0
4866,1,0
4867,1,0
4868,3,0
4869,4,0
4870,2,0
4871,4,0
4872,1,0
4873,2,0
4874,3,0
4875,2,0
4876,4,0
4877,4,0
4878,3,0
4879,1,0
4880,2,0
4881,2,0
4882,0,0
4883,3,0
4884,4,0
4885,4,0
4886,1,0
4887,2,0
4888,2,0
4889,4,0
4890,1,0
4891,3,0
4892,4,0
4893,4,0
4894,1,0
4895,0,0
4896,0,0
4897,4,0
4898,4,0
4899,0,0
4900,3,0
4901,2,0
4902,0,0
4903,2,0
4904,3,0
4905,1,0
4906,3,0
4907,0,0
4908,2,0
4909,3,0
4910,2,0
4911,3,0
4912,1,0
4913,3,0
4914,1,0
4915,1,0
4916,0,0
4917,2,0
4918,2,0
4919,4,0
4920,1,0
4921,0,0
4922,1,0
4923,0,0
4924,0,0
4925,1,0
4926,3,0
4927,1,0
4928,0,0
4929,1,0
4930,4,0
4931,1,0
4932,3,0
4933,2,0
4934,3,0
4935,0,0
4936,1,0
4937,4,0
4938,3,0
4939,1,0
4940,4,0
4941,2,0
4942,0,0
4943,2,0
4944,0,0
4945,4,0
4946,0,0
4947,2,0
4948,3,0
4949,0,0
4950,3,0
4951,0,0
4952,1,0
4953,3,0
4954,2,0
4955,3,0
4956,2,0
4957,4,0
4958,4,0
4959,4,0
4960,2,0
4961,2,0
4962,1,0
4963,1,0
4964,1,0
4965,2,0
4966,3,0
4967,4,0
4968,3,0
4969,0,0
4970,4,0
4971,0,0
4972,3,0
4973,4,0
4974,0,0
4975,4,0
4976,2,0
4977,4,0
4978,3,0
4979,3,0
4980,0,0
4981,4,0
4982,3,0
4983,0,0
4984,2,0
4985,1,0
4986,3,0
4987,3,0
4988,0,0
4989,4,0
4990,3,0
4991,3,0
4992,2,0
4993,2,0
4994,2,0
4995,1,0
4996,0,0
4997,1,0
4998,2,0
4999,0,0
5000,4,0
5001,4,0
5002,1,0
5003,0,0
5004,3,0
5005,4,0
5006,0,0
5007,4,0
5008,2,0
5009,4,0
5010,1,0
5011,2,0
5012,3,0
5013,2,0
5014,0,0
5015,0,0
5016,0,0
5017,1,0
5018,3,0
5019,1,0
5020,3,0
5021,0,0
5022,0,0
5023,2,0
5024,0,0
5025,4,0
5026,1,0
5027,3,0
5028,1,0
5029,2,0
5030,3,0
5031,2,0
5032,3,0
5033,0,0
5034,4,0
5035,4,0
5036,2,0
5037,2,0
5038,2,0
5039,2,0
5040,3,0
5041,3,0
5042,1,0
5043,2,0
5044,2,0
5045,4,0
5046,2,0
5047,0,0
5048,3,0
5049,3,0
5050,4,0
5051,1,0
5052,2,0
5053,4,0
5054,4,0
5055,1,0
5056,0,0
5057,2,0
5058,4,0
5059,1,0
5060,2,0
5061,2,0
5062,1,0
5063,1,0
5064,4,0
5065,2,0
5066,1,0
5067,4,0
5068,0,0
5069,0,0
5070,0,0
5071,2,0
5072,4,0
5073,1,0
5074,3,0
5075,1,0
5076,1,0
5077,2,0
5078,0,0
5079,1,0
5080,3,0
5081,4,0
5082,4,0
5083,1,0
5084,0,0
5085,3,0
5086,2,0
5087,0,0
5088,3,0
5089,0,0
5090,1,0
5091,4,0
5092,4,0
5093,1,0
5094,2,0
5095,2,0
5096,2,0
5097,2,0
5098,1,0
5099,0,0
5100,3,0
5101,3,0
5102,2,0
5103,2,0
5104,4,0
5105,1,0
5106,1,0
5107,2,0
5108,1,0
5109,1,0
5110,1,0
5111,1,0
5112,4,0
5113,1,0
5114,4,0
5115,1,0
5116,3,0
5117,4,0
5118,0,0
5119,2,0
5120,4,0
5121,4,0
5122,4,0
5123,2,0
5124,2,0
5125,3,0
5126,1,0
5127,1,0
5128,0,0
5129,1,0
5130,1,0
5131,1,0
5132,2,0
5133,2,0
5134,4,0
5135,0,0
5136,1,0
5137,4,0
5138,3,0
5139,3,0
5140,2,0
5141,0,0
5142,0,0
5143,2,0
5144,3,0
5145,4,0
5146,3,0
5147,2,0
5148,0,0
5149,1,0
5150,1,0
5151,0,0
5152,3,0
5153,2,0
5154,2,0
5155,3,0
5156,2,0
5157,4,0
5158,4,0
5159,1,0
5160,4,0
5161,0,0
5162,1,0
5163,0,0
5164,1,0
5165,1,0
5166,4,0
5167,4,0
5168,0,0
5169,4,0
5170,4,0
5171,1,0
5172,4,0
5173,3,0
5174,2,0
5175,4,0
5176,3,0
5177,0,0
5178,4,0
5179,2,0
5180,1,0
5181,2,0
5182,0,0
5183,4,0
5184,0,0
5185,1,0
5186,4,0
5187,2,0
5188,4,0
5189,2,0
5190,0,0
5191,0,0
5192,0,0
5193,2,0
5194,0,0
5195,1,0
5196,2,0
5197,2,0
5198,0,0
5199,1,0
5200,3,0
5201,3,0
5202,4,0
5203,1,0
5204,4,0
5205,0,0
5206,1,0
5207,0,0
5208,4,0
5209,0,0
5210,0,0
5211,3,0
5212,1,0
5213,1,0
5214,4,0
5215,0,0
5216,3,0
5217,3,0
5218,2,0
5219,0,0
5220,4,0
5221,4,0
5222,2,0
5223,3,0
5224,1,0
5225,2,0
5226,1,0
5227,1,0
5228,1,0
5229,1,0
5230,1,0
5231,4,0
5232,2,0
5233,4,0
5234,1,0
5235,3,0
5236,0,0
5237,3,0
5238,1,0
5239,3,0
5240,2,0
5241,3,0
5242,0,0
5243,0,0
5244,2,0
5245,2,0
5246,1,0
5247,3,0
5248,1,0
5249,4,0
5250,2,0
5251,0,0
5252,0,0
5253,4,0
5254,3,0
5255,1,0
5256,2,0
5257,1,0
5258,0,0
5259,4,0
5260,0,0
5261,0,0
5262,2,0
5263,3,0
5264,2,0
5265,2,0
5266,3,0
5267,3,0
5268,1,0
5269,1,0
5270,4,0
5271,2,0
5272,2,0
5273,0,0
5274,4,0
5275,3,0
5276,0,0
5277,3,0
5278,2,0
5279,0,0
5280,3,0
5281,2,0
5282,3,0
5283,0,0
5284,1,0
5285,4,0
5286,1,0
5287,1,0
5288,1,0
5289,1,0
5290,4,0
5291,1,0
5292,0,0
5293,0,0
5294,3,0
5295,4,0
5296,2,0
5297,3,0
5298,3,0
5299,1,0
5300,3,0
5301,3,0
5302,0,0
5303,0,0
5304,4,0
5305,2,0
5306,3,0
5307,0,0
5308,0,0
5309,0,0
5310,4,0
5311,2,0
5312,1,0
5313,3,0
5314,2,0
5315,3,0
5316,4,0
5317,1,0
5318,2,0
5319,0,0
5320,2,0
5321,4,0
5322,4,0
5323,2,0
5324,1,0
5325,0,0
5326,4,0
5327,2,0
5328,1,0
5329,2,0
5330,3,0
5331,4,0
5332,1,0
5333,0,0
5334,3,0
5335,1,0
5336,0,0
5337,1,0
5338,2,0
5339,0,0
5340,2,0
5341,3,0
5342,2,0
5343,1,0
5344,0,0
5345,3,0
5346,4,0
5347,4,0
5348,0,0
5349,4,0
5350,3,0
5351,2,0
5352,1,0
5353,4,0
5354,2,0
5355,3,0
5356,2,0
5357,4,0
5358,3,0
5359,4,0
5360,3,0
5361,4,0
5362,2,0
5363,0,0
5364,0,0
5365,1,0
5366,3,0
5367,1,0
5368,3,0
5369,4,0
5370,0,0
5371,1,0
5372,3,0
5373,2,0
5374,0,0
5375,1,0
5376,0,0
5377,4,0
5378,0,0
5379,1,0
5380,3,0
5381,1,0
5382,4,0
5383,3,0
5384,4,0
5385,0,0
5386,2,0
5387,0,0
5388,0,0
5389,0,0
5390,2,0
5391,0,0
5392,0,0
5393,1,0
5394,3,0
5395,2,0
5396,0,0
5397,4,0
5398,4,0
5399,0,0
5400,0,0
5401,2,0
5402,2,0
5403,2,0
5404,4,0
5405,1,0
5406,1,0
5407,2,0
5408,4,0
5409,0,0
5410,3,0
5411,3,0
5412,4,0
5413,1,0
5414,1,0
5415,4,0
5416,4,0
5417,0,0
5418,1,0
5419,1,0
5420,2,0
5421,1,0
5422,0,0
5423,3,0
5424,0,0
5425,4,0
5426,3,0
5427,3,0
5428,0,0
5429,2,0
5430,1,0
5431,4,0
5432,3,0
5433,3,0
5434,2,0
5435,4,0
5436,3,0
5437,2,0
5438,1,0
5439,4,0
5440,3,0
5441,1,0
5442,0,0
5443,3,0
5444,2,0
5445,2,0
5446,3,0
5447,0,0
5448,3,0
5449,1,0
5450,4,0
5451,1,0
5452,4,0
5453,0,0
5454,4,0
5455,0,0
5456,0,0
5457,4,0
5458,4,0
5459,3,0
5460,2,0
5461,4,0
5462,0,0
5463,0,0
5464,3,0
5465,0,0
5466,0,0
5467,1,0
5468,1,0
5469,4,0
5470,0,0
5471,0,1
5472,4,0
5473,0,0
5474,3,0
5475,4,0
5476,3,0
5477,2,0
5478,4,0
5479,1,0
5480,4,0
5481,4,0
5482,2,0
5483,1,0
5484,2,0
5485,4,0
5486,4,0
5487,4,0
5488,0,0
5489,1,0
5490,2,0
5491,0,0
5492,2,0
5493,0,0
5494,1,0
5495,2,0
5496,2,0
5497,2,0
5498,4,0
5499,3,0
5500,0,0
5501,0,0
5502,1,0
5503,0,0
5504,0,0
5505,1,0
5506,2,0
5507,2,0
5508,3,0
5509,1,0
5510,4,0
5511,3,0
5512,1,0
5513,0,0
5514,4,0
5515,1,0
5516,1,0
5517,4,0
5518,0,0
5519,2,0
5520,4,0
5521,1,0
5522,4,0
5523,4,0
5524,2,0
5525,2,0
5526,4,0
5527,3,0
5528,0,0
5529,0,0
5530,4,0
5531,1,0
5532,3,0
5533,2,0
5534,0,0
5535,2,0
5536,0,0
5537,3,0
5538,1,0
5539,4,0
5540,4,0
5541,4,0
5542,4,0
5543,0,0
5544,4,0
5545,3,0
5546,1,0
5547,4,0
5548,2,0
5549,0,0
5550,3,0
5551,0,0
5552,3,0
5553,2,0
5554,2,0
5555,2,0
5556,2,0
5557,3,0
5558,4,0
5559,0,0
5560,2,0
5561,4,0
5562,1,0
5563,0,0
5564,0,0
5565,0,0
5566,2,0
5567,1,0
5568,1,0
5569,1,0
5570,2,0
5571,2,0
5572,1,0
5573,1,0
5574,0,0
5575,2,0
5576,2,0
5577,1,0
5578,1,0
5579,4,0
5580,3,0
5581,4,0
5582,2,0
5583,2,0
5584,0,0
5585,4,0
5586,1,0
5587,1,0
5588,2,0
5589,1,0
5590,4,0
5591,3,0
5592,4,0
5593,3,0
5594,4,0
5595,4,0
5596,4,0
5597,0,0
5598,4,0
5599,4,0
5600,1,0
5601,1,0
5602,4,0
5603,3,0
5604,4,0
5605,1,0
5606,2,0
5607,3,0
5608,4,0
5609,2,0
5610,0,0
5611,3,0
5612,3,0
5613,2,0
5614,4,0
5615,4,0
5616,1,0
5617,1,0
5618,0,0
5619,4,0
5620,4,0
5621,0,0
5622,2,0
5623,2,0
5624,1,0
5625,3,0
5626,2,0
5627,2,0
5628,1,0
5629,2,0
5630,0,0
5631,4,0
5632,2,0
5633,0,0
5634,1,0
5635,1,0
5636,4,0
5637,4,0
5638,4,0
5639,1,0
5640,0,0
5641,2,0
5642,3,0
5643,3,0
5644,1,0
5645,4,0
5646,2,0
5647,2,0
5648,2,0
5649,2,0
5650,1,0
5651,0,0
5652,4,0
5653,2,0
5654,4,0
5655,3,0
5656,0,0
5657,2,0
5658,0,0
5659,1,0
5660,3,0
5661,1,0
5662,2,0
5663,2,0
5664,1,0
5665,4,0
5666,1,0
5667,2,0
5668,2,0
5669,0,0
5670,0,0
5671,3,0
5672,3,0
5673,0,0
5674,3,0
5675,0,0
5676,1,0
5677,1,0
5678,3,0
5679,0,0
5680,4,0
5681,3,0
5682,2,0
5683,2,0
5684,2,0
5685,2,0
5686,4,0
5687,1,0
5688,0,0
5689,2,0
5690,1,0
5691,2,0
5692,1,0
5693,3,0
5694,3,0
5695,0,0
5696,4,0
5697,2,0
5698,4,0
5699,2,0
5700,0,0
5701,3,0
5702,3,0
5703,2,0
5704,1,0
5705,2,0
5706,2,0
5707,3,0
5708,1,0
5709,2,0
5710,3,0
5711,4,0
5712,0,0
5713,4,0
5714,4,0
5715,4,0
5716,0,0
5717,4,0
5718,2,0
5719,4,0
5720,1,0
5721,4,0
5722,3,0
5723,1,0
5724,1,0
5725,4,0
5726,0,0
5727,3,0
5728,4,0
5729,1,0
5730,3,0
5731,2,0
5732,2,0
5733,3,0
5734,0,0
5735,3,0
5736,0,0
5737,2,0
5738,3,0
5739,2,0
5740,4,0
5741,3,0
5742,4,0
5743,3,0
5744,4,0
5745,4,0
5746,2,0
5747,4,0
5748,3,0
5749,4,0
5750,2,0
5751,3,0
5752,4,0
5753,4,0
5754,0,0
5755,3,0
5756,2,0
5757,3,0
5758,2,0
5759,0,0
5760,4,0
5761,3,0
5762,3,0
5763,2,0
5764,4,0
5765,1,0
5766,1,0
5767,4,0
5768,4,0
5769,2,0
5770,2,0
5771,4,0
5772,1,0
5773,1,0
5774,4,0
5775,3,0
5776,4,0
5777,3,0
5778,1,0
5779,2,0
5780,2,0
5781,1,0
5782,4,0
5783,0,0
5784,1,0
5785,0,0
5786,2,0
5787,1,0
5788,4,0
5789,0,0
5790,4,0
5791,0,0
5792,3,0
5793,2,0
5794,4,0
5795,3,0
5796,4,0
5797,4,0
5798,3,0
5799,2,0
5800,4,0
5801,0,0
5802,1,0
5803,4,0
5804,2,0
5805,2,0
5806,0,0
5807,2,0
5808,2,0
5809,1,0
5810,2,0
5811,1,0
5812,2,0
5813,1,0
5814,0,0
5815,2,0
5816,2,0
5817,1,0
5818,3,0
5819,0,0
5820,0,0
5821,2,0
5822,1,0
5823,3,0
5824,4,0
5825,4,0
5826,3,0
5827,2,0
5828,0,0
5829,4,0
5830,2,0
5831,1,0
5832,3,0
5833,3,0
5834,1,0
5835,1,0
5836,1,0
5837,4,0
5838,4,0
5839,2,0
5840,1,0
5841,0,0
5842,1,0
5843,0,0
5844,4,0
5845,0,0
5846,2,0
5847,1,0
5848,1,0
5849,2,0
5850,1,0
5851,1,0
5852,1,0
5853,4,0
5854,2,0
5855,2,0
5856,0,0
5857,4,0
5858,1,0
5859,3,0
5860,1,0
5861,2,0
5862,4,0
5863,3,0
5864,4,0
5865,0,0
5866,2,0
5867,1,0
5868,4,0
5869,2,0
5870,3,0
5871,3,0
5872,3,0
5873,1,0
5874,3,0
5875,0,0
5876,1,0
5877,1,0
5878,1,0
5879,0,0
5880,0,0
5881,3,0
5882,2,0
5883,0,0
5884,3,0
5885,2,0
5886,2,0
5887,0,0
5888,2,0
5889,1,0
5890,0,0
5891,4,0
5892,3,0
5893,3,0
5894,0,0
5895,1,0
5896,1,0
5897,4,0
5898,0,0
5899,3,0
5900,1,0
5901,4,0
5902,2,0
5903,2,0
5904,1,0
5905,0,0
5906,3,0
5907,4,0
5908,4,0
5909,3,0
5910,4,0
5911,4,0
5912,2,0
5913,0,0
5914,3,0
5915,0,0
5916,3,0
5917,2,0
5918,3,0
5919,1,0
5920,4,0
5921,3,0
5922,2,0
5923,2,0
5924,4,0
5925,1,0
5926,3,0
5927,4,0
5928,2,0
5929,3,0
5930,3,0
5931,1,0
5932,1,0
5933,3,0
5934,4,0
5935,0,0
5936,0,0
5937,4,0
5938,0,0
5939,2,0
5940,2,0
5941,4,0
5942,3,0
5943,3,0
5944,4,0
5945,2,0
5946,0,0
5947,4,0
5948,1,0
5949,2,0
5950,3,0
5951,0,0
5952,0,0
5953,0,0
5954,0,0
5955,2,0
5956,2,0
5957,2,0
5958,1,0
5959,0,0
5960,3,0
5961,1,0
5962,1,0
5963,1,0
5964,3,0
5965,4,0
5966,2,0
5967,4,0
5968,0,0
5969,4,0
5970,2,0
5971,2,0
5972,3,0
5973,4,0
5974,3,0
5975,0,0
5976,1,0
5977,2,0
5978,2,0
5979,3,0
5980,2,0
5981,2,0
5982,2,0
5983,0,0
5984,2,0
5985,2,0
5986,1,0
5987,4,0
5988,2,0
5989,2,0
5990,4,0
5991,1,0
5992,0,0
5993,2,0
5994,1,0
5995,1,0
5996,4,0
5997,3,0
5998,0,0
5999,4,0
6000,0,0
6001,0,0
6002,0,0
6003,0,0
6004,1,0
6005,4,0
6006,0,0
6007,1,0
6008,2,0
6009,1,0
6010,3,0
6011,3,0
6012,4,0
6013,2,0
6014,4,0
6015,3,0
6016,4,0
6017,0,0
6018,0,0
6019,3,0
6020,1,0
6021,0,0
6022,1,0
6023,4,0
6024,2,0
6025,2,0
6026,2,0
6027,2,0
6028,0,0
6029,0,0
6030,3,0
6031,0,0
6032,3,0
6033,3,0
6034,2,0
6035,4,0
6036,2,0
6037,1,0
6038,4,0
6039,0,0
6040,2,0
6041,4,0
6042,4,0
6043,3,0
6044,0,0
6045,2,0
6046,0,0
6047,0,0
6048,4,0
6049,3,0
6050,1,0
6051,2,0
6052,1,0
6053,0,0
6054,1,0
6055,4,0
6056,3,0
6057,1,0
6058,2,0
6059,4,0
6060,2,0
6061,4,0
6062,4,0
6063,1,0
6064,4,0
6065,0,0
6066,4,0
6067,2,0
6068,1,0
6069,0,0
6070,3,0
6071,2,0
6072,0,0
6073,3,0
6074,1,0
6075,1,0
6076,0,0
6077,4,0
6078,3,0
6079,4,0
6080,3,0
6081,4,0
6082,0,0
6083,1,0
6084,0,0
6085,2,0
6086,2,0
6087,0,0
6088,2,0
6089,2,0
6090,1,0
6091,3,0
6092,2,0
6093,4,0
6094,3,0
6095,3,0
6096,4,0
6097,0,0
6098,0,0
6099,4,0
6100,1,0
6101,2,0
6102,1,0
6103,3,0
6104,0,0
6105,0,0
6106,1,0
6107,2,0
6108,0,0
6109,4,0
6110,2,0
6111,0,0
6112,1,0
6113,2,0
6114,0,0
6115,2,0
6116,0,0
6117,3,0
6118,3,0
6119,1,0
6120,3,0
6121,0,0
6122,1,0
6123,0,0
6124,2,0
6125,1,0
6126,3,0
6127,1,0
6128,0,0
6129,2,0
6130,2,0
6131,4,0
6132,4,0
6133,4,0
6134,4,0
6135,2,0
6136,1,0
6137,0,0
6138,1,0
6139,1,0
6140,0,0
6141,4,0
6142,3,0
6143,2,0
6144,4,0
6145,3,0
6146,2,0
6147,1,0
6148,2,0
6149,2,0
6150,2,0
6151,2,0
6152,0,0
6153,2,0
6154,2,0
6155,1,0
6156,1,0
6157,0,0
6158,2,0
6159,3,0
6160,3,0
6161,0,0
6162,3,0
6163,1,0
6164,1,0
6165,2,0
6166,2,0
6167,3,0
6168,4,0
6169,3,0
6170,3,0
6171,0,0
6172,3,0
6173,1,0
6174,1,0
6175,2,0
6176,1,0
6177,4,0
6178,3,0
6179,2,0
6180,3,0
6181,4,0
6182,3,0
6183,1,0
6184,4,0
6185,1,0
6186,0,0
6187,0,0
6188,1,0
6189,1,0
6190,3,0
6191,0,0
6192,2,0
6193,0,0
6194,0,0
6195,3,0
6196,2,0
6197,4,0
6198,4,0
6199,3,0
6200,4,0
6201,2,0
6202,4,0
6203,0,0
6204,2,0
6205,3,0
6206,4,0
6207,1,0
6208,1,0
6209,0,0
6210,1,0
6211,0,0
6212,1,0
6213,3,0
6214,0,0
6215,2,0
6216,0,0
6217,0,0
6218,0,0
6219,4,0
6220,0,0
6221,2,0
6222,2,0
6223,2,0
6224,4,0
6225,0,0
6226,2,0
6227,2,0
6228,1,0
6229,0,0
6230,3,0
6231,2,0
6232,4,0
6233,0,0
6234,3,0
6235,0,0
6236,3,0
6237,4,0
6238,1,0
6239,0,0
6240,4,0
6241,3,0
6242,3,0
6243,4,0
6244,2,0
6245,2,0
6246,3,0
6247,0,0
6248,4,0
6249,3,0
6250,0,0
6251,4,0
6252,0,0
6253,1,0
6254,3,0
6255,0,0
6256,0,0
6257,1,0
6258,4,0
6259,2,0
6260,0,0
6261,3,0
6262,2,0
6263,2,0
6264,1,0
6265,0,0
6266,2,0
6267,2,0
6268,0,0
6269,4,0
6270,2,0
6271,0,0
6272,1,0
6273,0,0
6274,1,0
6275,2,0
6276,2,0
6277,3,0
6278,3,0
6279,0,0
6280,3,0
6281,3,0
6282,3,0
6283,1,0
6284,4,0
6285,2,0
6286,1,0
6287,1,0
6288,0,0
6289,3,0
6290,2,0
6291,1,0
6292,3,0
6293,2,0
6294,0,0
6295,1,0
6296,4,0
6297,4,0
6298,4,0
6299,3,0
6300,3,0
6301,2,0
6302,2,0
6303,1,0
6304,4,0
6305,2,0
6306,0,0
6307,2,0
6308,2,0
6309,0,0
6310,1,0
6311,2,0
6312,0,0
6313,2,0
6314,2,0
6315,0,0
6316,4,0
6317,1,0
6318,0,0
6319,4,0
6320,3,0
6321,2,0
6322,4,0
6323,1,0
6324,3,0
6325,4,0
6326,3,0
6327,2,0
6328,2,0
6329,4,0
6330,3,0
6331,4,0
6332,4,0
6333,2,0
6334,1,0
6335,4,0
6336,4,0
6337,3,0
6338,2,0
6339,1,0
6340,4,0
6341,1,0
6342,1,0
6343,1,0
6344,3,0
6345,1,0
6346,3,0
6347,0,0
6348,3,0
6349,0,0
6350,2,0
6351,1,0
6352,0,0
6353,3,0
6354,2,0
6355,3,0
6356,1,0
6357,2,0
6358,2,0
6359,3,0
6360,4,0
6361,3,0
6362,0,0
6363,3,0
6364,4,0
6365,3,0
6366,4,0
6367,1,0
6368,3,0
6369,0,0
6370,1,0
6371,2,0
6372,1,0
6373,4,0
6374,4,0
6375,3,0
6376,4,0
6377,2,0
6378,4,0
6379,0,0
6380,2,0
6381,1,0
6382,1,0
6383,2,0
6384,0,0
6385,0,0
6386,2,0
6387,0,0
6388,1,0
6389,3,0
6390,0,0
6391,2,0
6392,1,0
6393,3,0
6394,1,0
6395,3,0
6396,0,0
6397,2,0
6398,4,0
6399,4,0
6400,1,0
6401,3,0
6402,4,0
6403,0,0
6404,2,0
6405,2,0
6406,0,0
6407,2,0
6408,3,0
6409,1,0
6410,4,0
6411,2,0
6412,3,0
6413,3,0
6414,3,0
6415,4,0
6416,1,0
6417,4,0
6418,4,0
6419,0,0
6420,3,0
6421,1,0
6422,1,0
6423,1,0
6424,1,0
6425,0,0
6426,1,0
6427,4,0
6428,4,0
6429,4,0
6430,3,0
6431,4,0
6432,2,0
6433,1,0
6434,0,0
6435,2,0
6436,0,0
6437,2,0
6438,2,0
6439,1,0
6440,1,0
6441,1,0
6442,2,0
6443,3,0
6444,0,0
6445,3,0
6446,4,0
6447,4,0
6448,4,0
6449,3,0
6450,0,0
6451,2,0
6452,0,0
6453,3,0
6454,0,0
6455,0,0
6456,2,0
6457,0,0
6458,3,0
6459,2,0
6460,0,0
6461,4,0
6462,0,0
6463,1,0
6464,4,0
6465,2,0
6466,2,0
6467,1,0
6468,1,0
6469,2,0
6470,4,0
6471,0,0
6472,1,0
6473,3,0
6474,0,0
6475,3,0
6476,1,0
6477,0,0
6478,1,0
6479,3,0
6480,4,0
6481,2,0
6482,2,0
6483,3,0
6484,1,0
6485,2,0
6486,1,0
6487,4,0
6488,2,0
6489,0,0
6490,2,0
6491,4,0
6492,3,0
6493,4,0
6494,4,0
6495,1,0
6496,2,0
6497,4,0
6498,3,0
6499,3,0
6500,0,0
6501,1,0
6502,2,0
6503,4,0
6504,0,0
6505,2,0
6506,1,0
6507,0,0
6508,1,0
6509,2,0
6510,4,0
6511,4,0
6512,0,0
6513,2,0
6514,3,0
6515,4,0
6516,2,0
6517,3,0
6518,2,0
6519,1,0
6520,2,0
6521,1,0
6522,0,0
6523,1,0
6524,4,0
6525,3,0
6526,2,0
6527,2,0
6528,0,0
6529,0,0
6530,1,0
6531,3,0
6532,0,0
6533,0,0
6534,0,1
6535,1,0
6536,4,0
6537,0,0
6538,0,0
6539,2,0
6540,2,0
6541,2,0
6542,4,0
6543,4,0
6544,2,0
6545,1,0
6546,0,0
6547,3,0
6548,2,0
6549,1,0
6550,0,0
6551,0,0
6552,2,0
6553,1,0
6554,3,0
6555,2,0
6556,2,0
6557,3,0
6558,0,0
6559,4,0
6560,2,0
6561,4,0
6562,1,0
6563,1,0
6564,2,0
6565,3,0
6566,3,0
6567,3,0
6568,1,0
6569,2,0
6570,1,0
6571,1,0
6572,1,0
6573,4,0
6574,4,0
6575,3,0
6576,2,0
6577,0,0
6578,1,0
6579,4,0
6580,4,0
6581,2,0
6582,3,0
6583,4,0
6584,4,0
6585,4,0
6586,3,0
6587,3,0
6588,1,0
6589,2,0
6590,1,0
6591,4,0
6592,1,0
6593,2,0
6594,4,0
6595,3,0
6596,0,0
6597,4,0
6598,3,0
6599,1,0
6600,3,0
6601,1,0
6602,4,0
6603,1,0
6604,1,0
6605,1,0
6606,1,0
6607,2,0
6608,3,0
6609,0,0
6610,0,0
6611,3,0
6612,3,0
6613,3,0
6614,1,0
6615,0,0
6616,3,0
6617,4,0
6618,0,0
6619,4,0
6620,3,0
6621,1,0
6622,0,0
6623,3,0
6624,2,0
6625,1,0
6626,1,0
6627,0,0
6628,3,0
6629,1,0
6630,0,0
6631,3,0
6632,3,0
6633,0,1
6634,1,0
6635,3,0
6636,3,0
6637,2,0
6638,4,0
6639,3,0
6640,3,0
6641,2,0
6642,1,0
6643,3,0
6644,1,0
6645,3,0
6646,1,0
6647,4,0
6648,4,0
6649,1,0
6650,2,0
6651,4,1
6652,0,0
6653,1,0
6654,3,0
6655,2,0
6656,1,0
6657,2,0
6658,0,0
6659,4,0
6660,3,0
6661,1,0
6662,2,0
6663,2,0
6664,4,0
6665,0,0
6666,2,0
6667,4,0
6668,1,0
6669,1,0
6670,4,0
6671,2,0
6672,0,0
6673,2,0
6674,1,0
6675,3,0
6676,4,0
6677,1,0
6678,2,0
6679,4,0
6680,3,0
6681,2,0
6682,1,0
6683,2,0
6684,4,0
6685,0,0
6686,2,0
6687,3,0
6688,4,0
6689,0,0
6690,0,0
6691,0,0
6692,0,0
6693,1,0
6694,4,0
6695,2,0
6696,1,0
6697,1,0
6698,1,0
6699,1,0
6700,1,0
6701,1,0
6702,3,0
6703,4,0
6704,1,0
6705,2,0
6706,1,0
6707,4,0
6708,3,0
6709,4,0
6710,2,0
6711,1,0
6712,2,0
6713,4,0
6714,3,0
6715,2,0
6716,1,0
6717,1,0
6718,3,0
6719,0,0
6720,4,0
6721,3,0
6722,3,0
6723,2,0
6724,2,0
6725,4,0
6726,1,0
6727,0,0
6728,1,0
6729,3,0
6730,3,0
6731,1,0
6732,3,0
6733,4,0
6734,1,0
6735,2,0
6736,2,0
6737,2,0
6738,4,0
6739,0,0
6740,4,0
6741,0,0
6742,0,0
6743,3,0
6744,0,0
6745,4,0
6746,0,0
6747,1,0
6748,3,0
6749,2,0
6750,1,0
6751,0,0
6752,3,0
6753,1,0
6754,4,0
6755,1,0
6756,0,0
6757,2,0
6758,0,0
6759,2,0
6760,0,0
6761,0,0
6762,2,0
6763,3,0
6764,2,0
6765,3,0
6766,1,0
6767,1,0
6768,3,0
6769,3,0
6770,3,0
6771,0,0
6772,4,0
6773,0,0
6774,2,0
6775,4,0
6776,0,0
6777,1,0
6778,4,0
6779,1,0
6780,4,0
6781,3,0
6782,4,0
6783,0,0
6784,0,0
6785,4,0
6786,3,0
6787,4,0
6788,0,0
6789,2,0
6790,4,0
6791,4,0
6792,1,0
6793,1,0
6794,1,0
6795,3,0
6796,3,0
6797,1,0
6798,2,0
6799,0,0
6800,2,0
6801,2,0
6802,2,0
6803,2,0
6804,4,0
6805,0,0
6806,1,0
6807,4,0
6808,3,0
6809,3,0
6810,0,0
6811,2,0
6812,4,0
6813,1,0
6814,0,0
6815,3,0
6816,3,0
6817,3,0
6818,1,0
6819,2,0
6820,2,0
6821,3,0
6822,1,0
6823,2,0
6824,2,0
6825,2,0
6826,1,0
6827,0,0
6828,2,0
6829,4,0
6830,3,0
6831,4,0
6832,0,0
6833,0,0
6834,4,0
6835,4,0
6836,1,0
6837,4,0
6838,2,0
6839,0,0
6840,4,0
6841,4,0
6842,2,0
6843,3,0
6844,4,0
6845,3,0
6846,4,0
6847,0,0
6848,3,0
6849,4,0
6850,2,0
6851,0,0
6852,1,0
6853,3,0
6854,0,0
6855,4,0
6856,4,0
6857,4,0
6858,2,0
6859,4,0
6860,2,0
6861,1,0
6862,3,0
6863,2,0
6864,4,0
6865,2,0
6866,4,0
6867,2,0
6868,0,0
6869,2,0
6870,4,0
6871,3,0
6872,0,0
6873,2,0
6874,0,0
6875,0,0
6876,1,0
6877,1,0
6878,2,0
6879,2,0
6880,1,0
6881,2,0
6882,3,0
6883,4,0
6884,4,0
6885,3,0
6886,4,0
6887,2,0
6888,3,0
6889,2,0
6890,4,0
6891,1,0
6892,3,0
6893,1,0
6894,4,0
6895,3,0
6896,2,0
6897,1,0
6898,1,0
6899,4,0
6900,4,0
6901,3,0
6902,4,0
6903,0,0
6904,1,0
6905,2,0
6906,3,0
6907,1,0
6908,4,0
6909,4,0
6910,2,0
6911,2,0
6912,2,0
6913,1,0
6914,3,0
6915,2,0
6916,3,0
6917,2,0
6918,1,0
6919,3,0
6920,3,0
6921,4,0
6922,4,0
6923,4,0
6924,1,0
6925,2,0
6926,2,0
6927,2,0
6928,0,0
6929,2,0
6930,3,0
6931,1,0
6932,4,0
6933,0,0
6934,4,0
6935,0,0
6936,0,0
6937,3,0
6938,2,0
6939,0,0
6940,2,0
6941,1,0
6942,2,0
6943,0,0
6944,2,0
6945,0,0
6946,3,0
6947,2,0
6948,4,0
6949,1,0
6950,1,0
6951,3,0
6952,3,0
6953,3,0
6954,0,0
6955,1,0
6956,0,0
6957,2,0
6958,4,0
6959,2,0
6960,4,0
6961,1,0
6962,0,0
6963,1,0
6964,0,0
6965,3,0
6966,0,0
6967,2,0
6968,4,0
6969,0,0
6970,1,0
6971,2,0
6972,4,0
6973,1,0
6974,0,0
6975,0,0
6976,4,0
6977,3,0
6978,3,0
6979,3,0
6980,0,0
6981,3,0
6982,2,0
6983,1,0
6984,3,0
6985,3,0
6986,3,0
6987,4,0
6988,1,0
6989,0,0
6990,0,0
6991,2,0
6992,1,0
6993,4,0
6994,3,0
6995,1,0
6996,3,0
6997,1,0
6998,0,0
6999,1,0
7000,2,0
7001,0,0
7002,3,0
7003,2,0
7004,1,0
7005,4,0
7006,1,0
7007,1,0
7008,0,0
7009,4,0
7010,4,0
7011,0,0
7012,0,0
7013,0,0
7014,0,0
7015,1,0
7016,1,0
7017,0,0
7018,0,0
7019,0,0
7020,0,0
7021,0,0
7022,1,0
7023,1,0
7024,0,0
7025,3,0
7026,1,0
7027,1,0
7028,2,0
7029,4,0
7030,3,0
7031,1,0
7032,1,0
7033,0,0
7034,4,0
7035,2,0
7036,3,0
7037,0,0
7038,2,0
7039,4,0
7040,3,0
7041,4,0
7042,4,0
7043,1,0
7044,2,0
7045,3,0
7046,1,0
7047,0,0
7048,3,0
7049,3,0
7050,2,0
7051,3,0
7052,3,0
7053,4,0
7054,2,0
7055,2,0
7056,0,0
7057,4,0
7058,0,0
7059,3,0
7060,3,0
7061,2,0
7062,2,0
7063,1,0
7064,1,0
7065,3,0
7066,3,0
7067,2,0
7068,4,0
7069,3,0
7070,0,0
7071,1,0
7072,1,0
7073,1,0
7074,1,0
7075,1,0
7076,2,0
7077,3,0
7078,0,0
7079,1,0
7080,4,0
7081,3,0
7082,2,0
7083,0,0
7084,2,0
7085,4,0
7086,3,0
7087,4,0
7088,4,0
7089,4,0
7090,3,0
7091,4,0
7092,0,0
7093,1,0
7094,4,0
7095,3,0
7096,2,0
7097,1,0
7098,3,0
7099,4,0
7100,2,0
7101,1,0
7102,3,0
7103,1,0
7104,1,0
7105,1,0
7106,3,0
7107,3,0
7108,4,0
7109,4,0
7110,2,0
7111,4,0
7112,4,0
7113,2,0
7114,0,0
7115,0,0
7116,2,0
7117,4,0
7118,3,0
7119,0,0
7120,1,0
7121,0,0
7122,1,0
7123,3,0
7124,3,0
7125,2,0
7126,4,0
7127,2,0
7128,4,0
7129,2,0
7130,1,0
7131,2,0
7132,1,0
7133,4,0
7134,3,0
7135,0,0
7136,4,0
7137,1,0
7138,1,0
7139,0,0
7140,0,0
7141,4,0
7142,4,0
7143,0,0
7144,0,0
7145,3,0
7146,2,0
7147,3,0
7148,3,0
7149,1,0
7150,2,0
7151,0,0
7152,2,0
7153,3,0
7154,3,0
7155,3,0
7156,4,0
7157,0,0
7158,0,0
7159,4,0
7160,2,0
7161,1,0
7162,0,0
7163,1,0
7164,2,0
7165,3,0
7166,3,0
7167,2,0
7168,2,0
7169,3,0
7170,4,0
7171,1,0
7172,0,0
7173,0,0
7174,2,0
7175,0,0
7176,1,0
7177,2,0
7178,1,0
7179,2,0
7180,1,0
7181,2,0
7182,2,0
7183,3,0
7184,2,0
7185,3,0
7186,3,0
7187,3,0
7188,0,0
7189,4,0
7190,2,0
7191,3,0
7192,3,0
7193,1,0
7194,0,0
7195,0,0
7196,2,0
7197,4,0
7198,2,0
7199,3,0
7200,4,0
7201,1,0
7202,4,0
7203,3,0
7204,3,0
7205,1,0
7206,3,0
7207,0,0
7208,2,0
7209,2,0
7210,1,0
7211,0,0
7212,4,0
7213,1,0
7214,0,0
7215,3,0
7216,2,0
7217,4,0
7218,0,0
7219,3,0
7220,2,0
7221,3,0
7222,3,0
7223,1,0
7224,0,0
7225,4,0
7226,1,0
7227,4,0
7228,1,0
7229,4,0
7230,4,0
7231,2,0
7232,0,0
7233,4,0
7234,4,0
7235,0,0
7236,3,0
7237,4,0
7238,0,0
7239,2,0
7240,1,0
7241,1,0
7242,1,0
7243,2,0
7244,1,0
7245,2,0
7246,1,0
7247,4,0
7248,1,0
7249,4,0
7250,3,0
7251,0,0
7252,4,0
7253,2,0
7254,1,0
7255,0,0
7256,1,0
7257,1,0
7258,3,0
7259,1,0
7260,2,0
7261,2,0
7262,4,0
7263,4,0
7264,2,0
7265,2,0
7266,2,0
7267,2,0
7268,4,0
7269,4,0
7270,3,0
7271,0,0
7272,1,0
7273,1,0
7274,0,0
7275,0,0
7276,4,0
7277,2,0
7278,3,0
7279,1,0
7280,4,0
7281,3,0
7282,3,0
7283,2,0
7284,1,0
7285,2,0
7286,2,0
7287,1,0
7288,1,0
7289,4,0
7290,3,0
7291,3,0
7292,0,0
7293,3,0
7294,4,0
7295,4,0
7296,2,0
7297,1,0
7298,3,0
7299,3,0
7300,4,0
7301,1,0
7302,0,0
7303,0,0
7304,1,0
7305,4,0
7306,0,0
7307,3,0
7308,4,0
7309,4,0
7310,0,0
7311,3,0
7312,2,0
7313,0,0
7314,4,0
7315,0,0
7316,3,0
7317,2,0
7318,3,0
7319,4,0
7320,4,0
7321,3,0
7322,2,0
7323,2,0
7324,3,0
7325,3,0
7326,2,0
7327,3,0
7328,1,0
7329,3,0
7330,2,0
7331,1,0
7332,2,0
7333,4,0
7334,2,0
7335,1,0
7336,4,0
7337,2,0
7338,2,0
7339,4,0
7340,1,0
7341,2,0
7342,4,0
7343,4,0
7344,0,0
7345,3,0
7346,4,0
7347,2,0
7348,1,0
7349,3,0
7350,4,0
7351,4,0
7352,1,0
7353,1,0
7354,0,0
7355,1,0
7356,0,0
7357,1,0
7358,0,0
7359,1,0
7360,0,0
7361,1,0
7362,4,0
7363,0,0
7364,2,0
7365,2,0
7366,1,0
7367,0,0
7368,3,0
7369,4,0
7370,2,0
7371,4,0
7372,1,0
7373,0,0
7374,0,0
7375,1,0
7376,1,0
7377,1,0
7378,4,0
7379,3,0
7380,1,0
7381,3,0
7382,4,0
7383,0,0
7384,3,0
7385,4,0
7386,1,0
7387,0,0
7388,3,0
7389,4,0
7390,1,0
7391,2,0
7392,3,0
7393,3,0
7394,3,0
7395,1,0
7396,3,0
7397,4,0
7398,3,0
7399,0,0
7400,4,0
7401,4,0
7402,3,0
7403,3,0
7404,2,0
7405,4,0
7406,2,0
7407,2,0
7408,3,0
7409,2,0
7410,2,0
7411,4,0
7412,2,0
7413,1,0
7414,3,0
7415,2,0
7416,1,0
7417,1,0
7418,1,0
7419,2,0
7420,0,0
7421,0,0
7422,4,0
7423,3,0
7424,0,0
7425,0,0
7426,0,0
7427,0,0
7428,3,0
7429,3,0
7430,0,0
7431,3,0
7432,4,0
7433,1,0
7434,0,0
7435,1,0
7436,4,0
7437,4,0
7438,1,0
7439,1,0
7440,0,0
7441,3,0
7442,3,0
7443,2,0
7444,2,0
7445,1,0
7446,1,0
7447,1,0
7448,4,0
7449,2,0
7450,3,0
7451,0,0
7452,4,0
7453,4,0
7454,2,0
7455,0,0
7456,3,0
7457,2,0
7458,3,0
7459,2,0
7460,4,0
7461,0,0
7462,4,0
7463,1,0
7464,3,0
7465,1,0
7466,1,0
7467,1,0
7468,2,0
7469,3,0
7470,4,0
7471,2,0
7472,3,0
7473,4,0
7474,0,0
7475,3,0
7476,0,0
7477,2,0
7478,4,0
7479,4,0
7480,1,0
7481,3,0
7482,0,0
7483,1,0
7484,1,0
7485,2,0
7486,2,0
7487,2,0
7488,0,0
7489,3,0
7490,2,0
7491,1,0
7492,1,0
7493,0,0
7494,1,0
7495,0,0
7496,3,0
7497,2,0
7498,2,0
7499,3,0
7500,2,0
7501,3,0
7502,1,0
7503,4,0
7504,3,0
7505,3,0
7506,0,0
7507,4,0
7508,1,0
7509,3,0
7510,0,0
7511,2,0
7512,1,0
7513,2,0
7514,2,0
7515,2,0
7516,2,0
7517,1,0
7518,3,0
7519,4,0
7520,4,0
7521,1,0
7522,3,0
7523,4,0
7524,3,0
7525,1,0
7526,3,0
7527,4,0
7528,1,0
7529,1,0
7530,2,0
7531,1,0
7532,0,0
7533,4,0
7534,4,0
7535,3,0
7536,2,0
7537,1,0
7538,2,0
7539,3,0
7540,3,0
7541,4,0
7542,2,0
7543,0,0
7544,4,0
7545,4,0
7546,1,0
7547,0,0
7548,2,0
7549,3,0
7550,1,0
7551,2,0
7552,0,0
7553,4,0
7554,1,0
7555,0,0
7556,1,0
7557,0,0
7558,0,0
7559,2,0
7560,3,0
7561,4,0
7562,4,0
7563,2,0
7564,2,0
7565,4,0
7566,2,0
7567,2,0
7568,3,0
7569,4,0
7570,4,0
7571,3,0
7572,4,0
7573,3,0
7574,2,0
7575,1,0
7576,2,0
7577,3,0
7578,3,0
7579,4,0
7580,2,0
7581,3,0
7582,1,0
7583,2,0
7584,4,0
7585,3,0
7586,2,0
7587,4,0
7588,4,0
7589,3,0
7590,3,0
7591,4,0
7592,4,0
7593,3,0
7594,1,0
7595,3,0
7596,3,0
7597,3,0
7598,4,0
7599,4,0
7600,1,0
7601,2,0
7602,3,0
7603,0,0
7604,0,0
7605,4,0
7606,2,0
7607,4,0
7608,4,0
7609,3,0
7610,4,0
7611,0,0
7612,2,0
7613,3,0
7614,0,0
7615,1,0
7616,2,0
7617,4,0
7618,3,0
7619,3,0
7620,3,0
7621,1,0
7622,4,0
7623,3,0
7624,4,0
7625,1,0
7626,2,0
7627,0,0
7628,0,0
7629,3,0
7630,2,0
7631,3,0
7632,0,0
7633,1,0
7634,3,0
7635,1,0
7636,4,0
7637,4,0
7638,4,0
7639,2,0
7640,4,0
7641,3,0
7642,2,0
7643,4,0
7644,3,0
7645,1,0
7646,0,0
7647,0,0
7648,2,0
7649,0,0
7650,4,0
7651,0,0
7652,1,0
7653,1,0
7654,2,0
7655,3,0
7656,0,0
7657,0,0
7658,0,0
7659,1,0
7660,2,0
7661,4,0
7662,0,0
7663,3,0
7664,2,0
7665,4,0
7666,2,0
7667,0,0
7668,1,0
7669,2,0
7670,4,0
7671,3,0
7672,2,0
7673,4,0
7674,0,0
7675,0,0
7676,1,0
7677,1,0
7678,3,0
7679,0,0
7680,1,0
7681,2,0
7682,1,0
7683,1,0
7684,0,0
7685,0,0
7686,3,0
7687,1,0
7688,3,0
7689,1,0
7690,3,0
7691,2,0
7692,1,0
7693,2,0
7694,1,0
7695,3,0
7696,3,0
7697,1,0
7698,2,0
7699,4,0
7700,1,0
7701,0,0
7702,4,0
7703,3,0
7704,0,0
7705,3,0
7706,2,0
7707,3,0
7708,2,0
7709,0,0
7710,0,0
7711,2,0
7712,3,0
7713,2,0
7714,1,0
7715,4,0
7716,2,0
7717,0,0
7718,4,0
7719,3,0
7720,2,0
7721,2,0
7722,3,0
7723,1,0
7724,3,0
7725,1,0
7726,1,0
7727,3,0
7728,1,0
7729,3,0
7730,4,0
7731,3,0
7732,1,0
7733,2,0
7734,1,0
7735,4,0
7736,0,0
7737,1,0
7738,4,0
7739,2,0
7740,3,0
7741,0,0
7742,2,0
7743,0,0
7744,0,0
7745,4,0
7746,0,0
7747,2,0
7748,4,0
7749,3,0
7750,0,0
7751,4,0
7752,1,0
7753,4,0
7754,3,0
7755,2,0
7756,1,0
7757,4,0
7758,3,0
7759,4,0
7760,4,0
7761,1,0
7762,4,0
7763,3,0
7764,3,0
7765,4,0
7766,1,0
7767,4,0
7768,2,0
7769,3,0
7770,1,0
7771,4,0
7772,2,0
7773,0,0
7774,0,0
7775,1,0
7776,4,0
7777,0,0
7778,2,0
7779,0,0
7780,1,0
7781,1,0
7782,2,0
7783,3,0
7784,2,0
7785,2,0
7786,2,0
7787,1,0
7788,2,0
7789,2,0
7790,1,0
7791,4,0
7792,2,0
7793,2,0
7794,3,0
7795,1,0
7796,3,0
7797,1,0
7798,3,0
7799,3,0
7800,2,0
7801,4,0
7802,2,0
7803,3,0
7804,3,0
7805,4,0
7806,0,0
7807,1,0
7808,0,0
7809,2,0
7810,0,0
7811,4,0
7812,4,0
7813,4,0
7814,1,0
7815,3,0
7816,2,0
7817,2,0
7818,0,0
7819,0,0
7820,3,0
7821,3,0
7822,4,0
7823,2,0
7824,2,0
7825,2,0
7826,2,0
7827,2,0
7828,1,0
7829,0,0
7830,3,0
7831,4,0
7832,1,0
7833,2,0
7834,4,0
7835,3,0
7836,4,0
7837,4,0
7838,0,0
7839,3,0
7840,4,0
7841,0,0
7842,2,0
7843,1,0
7844,4,0
7845,2,0
7846,2,0
7847,3,0
7848,3,0
7849,2,0
7850,4,0
7851,3,0
7852,4,0
7853,2,0
7854,1,0
7855,0,0
7856,4,0
7857,3,0
7858,2,0
7859,3,0
7860,1,0
7861,1,0
7862,4,0
7863,1,0
7864,0,0
7865,3,0
7866,2,0
7867,2,0
7868,4,0
7869,3,0
7870,3,0
7871,2,0
7872,1,0
7873,1,0
7874,1,0
7875,1,0
7876,1,0
7877,2,0
7878,2,0
7879,0,0
7880,2,0
7881,1,0
7882,0,0
7883,3,0
7884,3,0
7885,2,0
7886,4,0
7887,3,0
7888,0,0
7889,0,0
7890,0,0
7891,4,0
7892,1,0
7893,3,0
7894,2,0
7895,1,0
7896,4,0
7897,3,0
7898,2,0
7899,1,0
7900,4,0
7901,4,0
7902,1,0
7903,1,0
7904,2,0
7905,0,0
7906,1,0
7907,3,0
7908,0,0
7909,3,0
7910,4,0
7911,1,0
7912,0,0
7913,0,0
7914,3,0
7915,4,0
7916,4,0
7917,0,0
7918,4,0
7919,3,0
7920,4,0
7921,2,0
7922,2,0
7923,2,0
7924,3,0
7925,4,0
7926,3,0
7927,3,0
7928,4,0
7929,1,0
7930,2,0
7931,4,0
7932,0,0
7933,2,0
7934,2,0
7935,3,0
7936,0,0
7937,0,0
7938,2,0
7939,4,0
7940,0,0
7941,3,0
7942,1,0
7943,3,0
7944,3,0
7945,3,0
7946,4,0
7947,2,0
7948,2,0
7949,4,0
7950,0,0
7951,2,0
7952,2,0
7953,0,0
7954,4,0
7955,2,0
7956,1,0
7957,2,0
7958,4,0
7959,0,0
7960,1,0
7961,4,0
7962,4,0
7963,2,0
7964,1,0
7965,3,0
7966,0,0
7967,0,0
7968,4,0
7969,3,0
7970,4,0
7971,0,0
7972,0,0
7973,3,0
7974,0,0
7975,2,0
7976,2,0
7977,0,0
7978,2,0
7979,4,0
7980,2,0
7981,4,0
7982,2,0
7983,0,0
7984,1,0
7985,1,0
7986,1,0
7987,4,0
7988,2,0
7989,4,0
7990,0,0
7991,2,0
7992,2,0
7993,1,0
7994,3,0
7995,1,0
7996,1,0
7997,4,0
7998,1,0
7999,4,0
8000,1,0
8001,1,0
8002,3,0
8003,3,0
8004,4,0
8005,2,0
8006,4,0
8007,0,0
8008,2,0
8009,0,0
8010,3,0
8011,0,0
8012,3,0
8013,3,0
8014,0,0
8015,0,0
8016,2,0
8017,0,0
8018,2,0
8019,3,0
8020,3,0
8021,0,0
8022,3,0
8023,2,0
8024,0,0
8025,2,0
8026,4,0
8027,3,0
8028,1,0
8029,3,0
8030,4,0
8031,2,0
8032,1,0
8033,3,0
8034,2,0
8035,3,0
8036,4,0
8037,3,0
8038,3,0
8039,0,0
8040,1,0
8041,1,0
8042,4,0
8043,0,0
8044,0,0
8045,3,0
8046,0,0
8047,3,0
8048,2,0
8049,1,0
8050,1,0
8051,2,0
8052,2,0
8053,3,0
8054,1,0
8055,0,0
8056,1,0
8057,1,0
8058,1,0
8059,0,0
8060,3,0
8061,0,0
8062,3,0
8063,4,0
8064,0,0
8065,0,0
8066,3,0
8067,0,0
8068,3,0
8069,2,0
8070,2,0
8071,4,0
8072,1,0
8073,1,0
8074,3,0
8075,0,0
8076,3,0
8077,2,0
8078,3,0
8079,4,0
8080,3,0
8081,2,0
8082,4,0
8083,2,0
8084,3,0
8085,2,0
8086,3,0
8087,2,0
8088,1,0
8089,1,0
8090,3,0
8091,0,0
8092,2,0
8093,1,0
8094,2,0
8095,1,0
8096,4,0
8097,2,0
8098,1,0
8099,2,0
8100,3,0
8101,4,0
8102,4,0
8103,1,0
8104,1,0
8105,0,0
8106,2,0
8107,3,0
8108,3,0
8109,0,0
8110,3,0
8111,4,0
8112,2,0
8113,2,0
8114,3,0
8115,4,0
8116,4,0
8117,2,0
8118,2,0
8119,4,0
8120,3,0
8121,3,0
8122,4,0
8123,3,0
8124,1,0
8125,1,0
8126,2,0
8127,0,0
8128,3,0
8129,4,0
8130,3,0
8131,2,0
8132,3,0
8133,2,0
8134,4,0
8135,1,0
8136,0,0
8137,4,0
8138,1,0
8139,3,0
8140,4,0
8141,0,0
8142,1,0
8143,1,0
8144,0,0
8145,1,0
8146,4,0
8147,3,0
8148,0,0
8149,4,0
8150,1,0
8151,1,0
8152,4,0
8153,3,0
8154,3,0
8155,0,0
8156,4,0
8157,3,0
8158,2,0
8159,1,0
8160,1,0
8161,1,0
8162,2,0
8163,2,0
8164,1,0
8165,4,0
8166,3,0
8167,3,0
8168,1,0
8169,0,0
8170,2,0
8171,4,0
8172,3,0
8173,4,0
8174,3,0
8175,2,0
8176,2,0
8177,0,0
8178,1,0
8179,3,0
8180,0,0
8181,4,0
8182,1,0
8183,4,0
8184,3,0
8185,2,0
8186,1,0
8187,1,0
8188,3,0
8189,3,0
8190,3,0
8191,1,0
8192,0,0
8193,4,0
8194,4,0
8195,4,0
8196,0,0
8197,3,0
8198,0,0
8199,1,0
8200,1,0
8201,4,0
8202,2,0
8203,1,0
8204,2,0
8205,2,0
8206,0,0
8207,4,0
8208,2,0
8209,1,0
8210,2,0
8211,0,0
8212,3,0
8213,3,0
8214,3,0
8215,2,0
8216,0,0
8217,1,0
8218,2,0
8219,1,0
8220,3,0
8221,4,0
8222,0,0
8223,1,0
8224,1,0
8225,0,0
8226,0,0
8227,4,0
8228,0,0
8229,3,0
8230,2,0
8231,4,0
8232,1,0
8233,0,0
8234,2,0
8235,1,0
8236,2,0
8237,3,0
8238,4,0
8239,1,0
8240,1,0
8241,0,0
8242,1,0
8243,2,0
8244,1,0
8245,3,0
8246,1,0
8247,2,0
8248,1,0
8249,1,0
8250,4,0
8251,2,0
8252,4,0
8253,4,0
8254,0,0
8255,4,0
8256,0,0
8257,1,0
8258,0,0
8259,1,0
8260,3,0
8261,1,0
8262,0,0
8263,3,0
8264,0,0
8265,0,0
8266,2,0
8267,0,0
8268,3,0
8269,3,0
8270,1,0
8271,1,0
8272,4,0
8273,0,0
8274,4,0
8275,3,0
8276,2,0
8277,3,0
8278,1,0
8279,3,0
8280,4,0
8281,1,0
8282,3,0
8283,2,0
8284,3,0
8285,2,0
8286,2,0
8287,3,0
8288,2,0
8289,0,0
8290,3,0
8291,2,0
8292,3,0
8293,2,0
8294,0,0
8295,3,0
8296,1,0
8297,3,0
8298,1,0
8299,3,0
8300,3,0
8301,1,0
8302,0,0
8303,1,0
8304,3,0
8305,2,0
8306,0,0
8307,4,0
8308,4,0
8309,1,0
8310,2,0
8311,0,0
8312,2,0
8313,1,0
8314,1,0
8315,3,0
8316,2,0
8317,0,0
8318,1,0
8319,0,0
8320,2,0
8321,4,0
8322,1,0
8323,0,0
8324,1,0
8325,4,0
8326,0,0
8327,3,0
8328,1,0
8329,1,0
8330,3,0
8331,0,0
8332,3,0
8333,3,0
8334,4,0
8335,2,0
8336,3,0
8337,0,0
8338,2,0
8339,1,0
8340,2,0
8341,1,0
8342,1,0
8343,4,0
8344,1,0
8345,3,0
8346,2,0
8347,0,0
8348,1,0
8349,1,0
8350,0,0
8351,3,0
8352,3,0
8353,3,0
8354,1,0
8355,4,0
8356,0,0
8357,2,0
8358,4,0
8359,3,0
8360,1,0
8361,2,0
8362,0,0
8363,4,0
8364,2,0
8365,3,0
8366,2,0
8367,2,0
8368,0,0
8369,3,0
8370,3,0
8371,0,0
8372,2,0
8373,0,0
8374,4,0
8375,0,0
8376,4,0
8377,4,0
8378,1,0
8379,0,0
8380,2,0
8381,4,0
8382,4,0
8383,3,0
8384,2,0
8385,1,0
8386,0,0
8387,0,0
8388,0,0
8389,2,0
8390,1,0
8391,2,0
8392,4,0
8393,1,0
8394,2,0
8395,1,0
8396,0,0
8397,3,0
8398,1,0
8399,4,0
8400,0,0
8401,2,0
8402,2,0
8403,0,0
8404,1,0
8405,3,0
8406,2,0
8407,2,0
8408,3,0
8409,3,0
8410,4,0
8411,4,0
8412,0,0
8413,0,0
8414,3,0
8415,2,0
8416,1,0
8417,2,0
8418,0,0
8419,4,0
8420,3,0
8421,3,0
8422,3,0
8423,1,0
8424,3,0
8425,0,0
8426,0,0
8427,2,0
8428,4,0
8429,3,0
8430,2,0
8431,3,0
8432,3,0
8433,0,0
8434,3,0
8435,3,0
8436,4,0
8437,1,0
8438,0,0
8439,4,0
8440,4,0
8441,2,0
8442,3,0
8443,0,0
8444,4,0
8445,4,0
8446,0,0
8447,3,0
8448,4,0
8449,2,0
8450,2,0
8451,3,0
8452,3,0
8453,2,0
8454,0,0
8455,0,0
8456,1,0
8457,1,0
8458,3,0
8459,4,0
8460,1,0
8461,1,0
8462,4,0
8463,0,0
8464,0,0
8465,4,0
8466,4,0
8467,4,0
8468,2,0
8469,4,0
8470,0,0
8471,4,0
8472,3,0
8473,2,0
8474,4,0
8475,3,0
8476,0,0
8477,4,0
8478,4,0
8479,2,0
8480,2,0
8481,0,0
8482,2,0
8483,4,0
8484,2,0
8485,3,0
8486,0,0
8487,2,0
8488,2,0
8489,0,0
8490,2,0
8491,0,0
8492,3,0
8493,2,0
8494,1,0
8495,3,0
8496,0,0
8497,3,0
8498,3,0
8499,4,0
8500,1,0
8501,4,0
8502,0,0
8503,0,0
8504,0,0
8505,1,0
8506,2,0
8507,2,0
8508,3,0
8509,0,0
8510,1,0
8511,0,0
8512,2,0
8513,2,0
8514,4,0
8515,1,0
8516,3,0
8517,2,0
8518,2,0
8519,2,0
8520,3,0
8521,0,0
8522,2,0
8523,1,0
8524,1,0
8525,0,0
8526,2,0
8527,0,0
8528,4,0
8529,2,0
8530,2,0
8531,3,0
8532,1,0
8533,1,0
8534,1,0
8535,0,0
8536,1,0
8537,3,0
8538,3,0
8539,1,0
8540,2,0
8541,2,0
8542,1,0
8543,2,0
8544,1,0
8545,4,0
8546,2,0
8547,2,0
8548,2,0
8549,0,0
8550,0,0
8551,2,0
8552,0,0
8553,1,0
8554,2,0
8555,0,0
8556,0,0
8557,4,0
8558,2,0
8559,4,0
8560,3,0
8561,4,0
8562,4,0
8563,1,0
8564,0,0
8565,1,0
8566,0,0
8567,3,0
8568,3,0
8569,4,0
8570,0,0
8571,0,0
8572,1,0
8573,0,0
8574,1,0
8575,1,0
8576,0,0
8577,1,0
8578,3,0
8579,4,0
8580,3,0
8581,3,0
8582,1,0
8583,3,0
8584,3,0
8585,1,0
8586,0,0
8587,1,0
8588,0,0
8589,4,0
8590,1,0
8591,2,0
8592,2,0
8593,0,0
8594,2,0
8595,4,0
8596,3,0
8597,1,0
8598,3,0
8599,1,0
8600,4,0
8601,1,0
8602,0,0
8603,4,0
8604,1,0
8605,0,0
8606,2,0
8607,0,0
8608,0,0
8609,4,0
8610,0,0
8611,0,0
8612,0,0
8613,0,0
8614,2,0
8615,2,0
8616,0,0
8617,3,0
8618,2,0
8619,1,0
8620,1,0
8621,2,0
8622,2,0
8623,3,0
8624,0,0
8625,0,0
8626,0,0
8627,3,0
8628,4,0
8629,1,0
8630,0,0
8631,2,0
8632,0,0
8633,4,0
8634,4,0
8635,1,0
8636,2,0
8637,0,0
8638,2,0
8639,0,0
8640,3,0
8641,2,0
8642,4,0
8643,0,0
8644,4,0
8645,3,0
8646,4,0
8647,3,0
8648,3,0
8649,2,0
8650,2,0
8651,1,0
8652,3,0
8653,0,0
8654,2,0
8655,4,0
8656,3,0
8657,4,0
8658,4,0
8659,4,0
8660,4,0
8661,2,0
8662,1,0
8663,1,0
8664,0,0
8665,1,0
8666,1,0
8667,4,0
8668,2,0
8669,4,0
8670,0,0
8671,3,0
8672,2,0
8673,3,0
8674,1,0
8675,0,0
8676,1,0
8677,4,0
8678,0,0
8679,4,0
8680,4,0
8681,0,0
8682,0,0
8683,2,0
8684,0,0
8685,3,0
8686,4,0
8687,0,0
8688,1,0
8689,4,0
8690,3,0
8691,4,0
8692,4,0
8693,1,0
8694,3,0
8695,3,0
8696,3,0
8697,4,0
8698,1,0
8699,2,0
8700,0,0
8701,4,0
8702,2,0
8703,1,0
8704,0,0
8705,1,0
8706,2,0
8707,4,0
8708,0,0
8709,1,0
8710,4,0
8711,2,0
8712,2,0
8713,2,0
8714,4,0
8715,1,0
8716,1,0
8717,3,0
8718,0,0
8719,0,0
8720,2,0
8721,0,0
8722,4,0
8723,3,0
8724,4,0
8725,3,0
8726,2,0
8727,1,0
8728,3,0
8729,0,0
8730,0,0
8731,0,0
8732,4,0
8733,3,0
8734,1,0
8735,3,0
8736,3,0
8737,1,0
8738,3,0
8739,0,0
8740,0,0
8741,3,0
8742,2,0
8743,2,0
8744,2,0
8745,3,0
8746,2,0
8747,3,0
8748,3,0
8749,3,0
8750,0,0
8751,3,0
8752,0,0
8753,0,0
8754,2,0
8755,4,0
8756,3,0
8757,4,0
8758,4,0
8759,2,0
8760,3,0
8761,2,0
8762,0,0
8763,0,0
8764,4,0
8765,1,0
8766,1,0
8767,4,0
8768,4,0
8769,0,0
8770,0,0
8771,2,0
8772,2,0
8773,2,0
8774,1,0
8775,0,0
8776,3,0
8777,3,0
8778,1,0
8779,0,0
8780,4,0
8781,3,0
8782,3,0
8783,2,0
8784,0,0
8785,4,0
8786,0,0
8787,2,0
8788,2,0
8789,2,0
8790,1,0
8791,4,0
8792,3,0
8793,1,0
8794,1,0
8795,0,0
8796,4,0
8797,3,0
8798,0,0
8799,3,1
8800,0,0
8801,4,0
8802,4,0
8803,4,0
8804,4,0
8805,1,0
8806,2,0
8807,0,0
8808,4,0
8809,4,0
8810,4,0
8811,2,0
8812,3,0
8813,1,0
8814,1,0
8815,2,0
8816,1,0
8817,1,0
8818,2,0
8819,1,0
8820,0,0
8821,2,0
8822,1,0
8823,2,0
8824,3,0
8825,0,0
8826,4,0
8827,0,0
8828,1,0
8829,3,0
8830,3,0
8831,4,0
8832,2,0
8833,1,0
8834,2,0
8835,0,0
8836,0,0
8837,4,0
8838,1,0
8839,1,0
8840,1,0
8841,2,0
8842,0,0
8843,3,0
8844,4,0
8845,3,0
8846,2,0
8847,2,0
8848,3,0
8849,2,0
8850,2,0
8851,1,0
8852,3,0
8853,2,0
8854,3,0
8855,3,0
8856,2,0
8857,4,0
8858,1,0
8859,4,0
8860,1,0
8861,2,0
8862,1,0
8863,4,0
8864,4,0
8865,3,0
8866,1,0
8867,1,0
8868,2,0
8869,4,0
8870,1,0
8871,2,0
8872,1,0
8873,1,0
8874,3,0
8875,2,0
8876,0,0
8877,3,0
8878,2,0
8879,2,0
8880,3,0
8881,1,0
8882,2,0
8883,4,0
8884,4,0
8885,0,0
8886,3,0
8887,4,0
8888,1,0
8889,2,0
8890,0,0
8891,0,0
8892,2,0
8893,3,0
8894,0,0
8895,4,0
8896,0,0
8897,3,0
8898,1,0
8899,0,0
8900,1,0
8901,3,0
8902,3,0
8903,4,0
8904,0,0
8905,0,0
8906,1,0
8907,2,0
8908,1,0
8909,0,0
8910,4,0
8911,0,0
8912,4,0
8913,4,0
8914,2,0
8915,3,0
8916,1,0
8917,4,0
8918,0,0
8919,4,0
8920,4,0
8921,1,0
8922,2,0
8923,3,0
8924,2,0
8925,4,0
8926,2,0
8927,1,0
8928,1,0
8929,0,0
8930,0,0
8931,3,0
8932,4,0
8933,1,0
8934,3,0
8935,3,0
8936,2,0
8937,3,0
8938,0,0
8939,2,0
8940,0,0
8941,1,0
8942,1,0
8943,0,0
8944,3,0
8945,2,0
8946,0,0
8947,1,0
8948,3,0
8949,2,0
8950,4,0
8951,3,0
8952,4,0
8953,4,0
8954,1,0
8955,1,0
8956,4,0
8957,2,0
8958,3,0
8959,2,0
8960,2,0
8961,4,0
8962,0,0
8963,4,0
8964,4,0
8965,1,0
8966,1,0
8967,2,0
8968,1,0
8969,4,0
8970,0,0
8971,2,0
8972,1,0
8973,4,0
8974,0,0
8975,4,0
8976,2,0
8977,1,0
8978,4,0
8979,4,0
8980,1,0
8981,3,0
8982,3,0
8983,1,0
8984,4,0
8985,2,0
8986,4,0
8987,3,0
8988,0,0
8989,2,0
8990,2,0
8991,1,0
8992,3,0
8993,1,0
8994,0,0
8995,4,0
8996,2,0
8997,3,0
8998,0,0
8999,3,0
9000,1,0
9001,2,0
9002,2,0
9003,2,0
9004,2,0
9005,4,0
9006,4,0
9007,0,0
9008,1,0
9009,4,0
9010,1,0
9011,1,0
9012,3,0
9013,1,0
9014,0,0
9015,3,0
9016,2,0
9017,4,0
9018,4,0
9019,3,0
9020,4,0
9021,1,0
9022,0,0
9023,0,0
9024,1,0
9025,4,0
9026,2,0
9027,2,0
9028,1,0
9029,3,0
9030,1,0
9031,0,0
9032,0,0
9033,1,0
9034,2,0
9035,3,0
9036,4,0
9037,3,0
9038,2,0
9039,4,0
9040,4,0
9041,4,0
9042,2,0
9043,1,0
9044,3,0
9045,2,0
9046,0,0
9047,2,0
9048,0,0
9049,4,0
9050,3,0
9051,1,0
9052,1,0
9053,2,0
9054,4,0
9055,2,0
9056,2,0
9057,2,0
9058,3,0
9059,4,0
9060,3,0
9061,0,0
9062,3,0
9063,0,0
9064,4,0
9065,2,0
9066,2,0
9067,0,0
9068,4,0
9069,3,0
9070,2,0
9071,4,0
9072,1,0
9073,4,0
9074,0,0
9075,0,0
9076,4,0
9077,0,0
9078,2,0
9079,4,0
9080,0,0
9081,3,0
9082,2,0
9083,1,0
9084,3,0
9085,3,0
9086,1,0
9087,2,0
9088,4,0
9089,2,0
9090,1,0
9091,4,0
9092,3,0
9093,1,0
9094,2,0
9095,2,0
9096,1,0
9097,4,0
9098,0,0
9099,0,0
9100,1,0
9101,1,0
9102,4,0
9103,0,0
9104,2,0
9105,4,0
9106,2,0
9107,4,0
9108,3,0
9109,2,0
9110,2,0
9111,0,0
9112,1,0
9113,2,0
9114,3,0
9115,2,0
9116,4,0
9117,4,0
9118,4,0
9119,1,0
9120,0,0
9121,3,0
9122,0,0
9123,1,0
9124,2,0
9125,3,0
9126,1,0
9127,1,0
9128,0,0
9129,2,0
9130,3,0
9131,2,0
9132,0,0
9133,1,0
9134,2,0
9135,4,0
9136,2,0
9137,2,0
9138,2,0
9139,4,0
9140,4,0
9141,2,0
9142,0,0
9143,4,0
9144,0,0
9145,3,0
9146,4,0
9147,2,0
9148,1,0
9149,2,0
9150,1,0
9151,2,0
9152,0,0
9153,3,0
9154,0,0
9155,3,0
9156,1,0
9157,2,0
9158,3,0
9159,4,0
9160,3,0
9161,3,0
9162,1,0
9163,2,0
9164,2,0
9165,2,0
9166,0,0
9167,0,0
9168,4,0
9169,1,0
9170,0,0
9171,2,0
9172,2,0
9173,1,0
9174,4,0
9175,0,0
9176,1,0
9177,1,0
9178,2,0
9179,0,0
9180,1,0
9181,3,0
9182,0,0
9183,1,0
9184,0,0
9185,2,0
9186,0,0
9187,4,0
9188,1,0
9189,4,0
9190,0,0
9191,1,0
9192,1,0
9193,2,0
9194,3,0
9195,4,0
9196,3,0
9197,1,0
9198,2,0
9199,3,0
9200,2,0
9201,3,0
9202,4,0
9203,4,0
9204,2,0
9205,0,0
9206,3,0
9207,2,0
9208,1,0
9209,2,0
9210,3,0
9211,3,0
9212,4,0
9213,2,0
9214,2,0
9215,4,0
9216,1,0
9217,0,0
9218,4,0
9219,1,0
9220,4,0
9221,4,0
9222,4,0
9223,1,0
9224,4,0
9225,2,0
9226,1,0
9227,0,0
9228,1,0
9229,3,0
9230,4,0
9231,3,0
9232,1,0
9233,3,0
9234,3,0
9235,1,0
9236,3,0
9237,4,0
9238,4,0
9239,2,0
9240,3,0
9241,3,0
9242,3,0
9243,4,0
9244,4,0
9245,0,0
9246,1,0
9247,1,0
9248,3,0
9249,3,0
9250,4,0
9251,1,0
9252,2,0
9253,0,0
9254,2,0
9255,0,0
9256,1,0
9257,0,0
9258,2,0
9259,1,0
9260,4,0
9261,3,0
9262,3,0
9263,0,0
9264,4,0
9265,3,0
9266,4,0
9267,0,0
9268,1,0
9269,1,0
9270,1,0
9271,2,0
9272,2,0
9273,2,0
9274,3,0
9275,0,1
9276,2,0
9277,3,0
9278,2,0
9279,3,0
9280,3,0
9281,3,0
9282,3,0
9283,1,0
9284,0,0
9285,2,0
9286,2,0
9287,2,0
9288,0,0
9289,0,0
9290,4,0
9291,2,0
9292,0,0
9293,4,0
9294,1,0
9295,2,0
9296,3,0
9297,0,0
9298,0,0
9299,3,0
9300,0,0
9301,4,0
9302,3,0
9303,3,0
9304,0,0
9305,0,0
9306,3,0
9307,4,0
9308,0,0
9309,3,0
9310,0,0
9311,4,0
9312,3,0
9313,2,0
9314,2,0
9315,1,0
9316,1,0
9317,0,0
9318,4,0
9319,4,0
9320,4,0
9321,0,0
9322,3,0
9323,0,0
9324,1,0
9325,3,0
9326,4,0
9327,1,0
9328,1,0
9329,2,0
9330,3,0
9331,0,0
9332,1,0
9333,1,0
9334,3,0
9335,2,0
9336,3,0
9337,0,0
9338,4,0
9339,3,0
9340,2,0
9341,0,0
9342,1,0
9343,3,0
9344,0,0
9345,0,0
9346,2,0
9347,0,0
9348,2,0
9349,1,0
9350,4,0
9351,3,0
9352,0,0
9353,3,0
9354,2,0
9355,4,0
9356,3,0
9357,0,0
9358,0,0
9359,0,0
9360,0,0
9361,2,0
9362,2,0
9363,4,0
9364,3,0
9365,0,0
9366,4,0
9367,3,0
9368,2,0
9369,4,0
9370,2,0
9371,2,0
9372,0,0
9373,4,0
9374,4,0
9375,4,0
9376,4,0
9377,0,0
9378,0,0
9379,4,0
9380,0,0
9381,3,0
9382,0,0
9383,0,0
9384,2,0
9385,1,0
9386,2,0
9387,0,0
9388,3,0
9389,1,0
9390,3,0
9391,4,0
9392,3,0
9393,1,0
9394,0,0
9395,4,0
9396,0,0
9397,2,0
9398,2,0
9399,4,0
9400,2,0
9401,4,0
9402,2,0
9403,3,0
9404,4,0
9405,4,0
9406,0,0
9407,1,0
9408,0,0
9409,3,0
9410,1,0
9411,4,0
9412,4,0
9413,4,0
9414,2,0
9415,2,0
9416,2,0
9417,1,0
9418,2,0
9419,3,0
9420,3,0
9421,1,0
9422,0,0
9423,1,0
9424,2,0
9425,0,0
9426,4,0
9427,4,0
9428,4,0
9429,4,0
9430,3,0
9431,3,0
9432,1,0
9433,4,0
9434,0,0
9435,2,0
9436,0,0
9437,2,0
9438,4,0
9439,2,0
9440,3,0
9441,4,0
9442,1,0
9443,4,0
9444,0,0
9445,0,0
9446,2,0
9447,4,1
9448,3,0
9449,3,0
9450,1,0
9451,2,0
9452,3,0
9453,1,0
9454,4,0
9455,0,0
9456,1,0
9457,1,0
9458,2,0
9459,0,0
9460,2,0
9461,3,0
9462,4,0
9463,1,0
9464,0,0
9465,4,0
9466,0,0
9467,1,0
9468,0,0
9469,2,0
9470,1,0
9471,0,0
9472,2,0
9473,4,0
9474,0,0
9475,3,0
9476,4,0
9477,0,0
9478,3,0
9479,1,0
9480,1,0
9481,0,0
9482,4,0
9483,3,0
9484,3,0
9485,1,0
9486,0,0
9487,1,0
9488,1,0
9489,4,0
9490,3,0
9491,4,0
9492,0,0
9493,0,0
9494,0,0
9495,2,0
9496,0,0
9497,4,0
9498,3,0
9499,0,0
9500,2,0
9501,0,0
9502,1,0
9503,0,0
9504,3,0
9505,4,0
9506,0,0
9507,4,0
9508,2,0
9509,3,0
9510,2,0
9511,3,0
9512,4,0
9513,0,0
9514,2,0
9515,2,0
9516,4,0
9517,1,0
9518,4,0
9519,2,0
9520,0,0
9521,3,0
9522,3,0
9523,2,0
9524,0,0
9525,4,0
9526,3,0
9527,3,0
9528,4,0
9529,1,0
9530,1,0
9531,2,0
9532,1,0
9533,0,0
9534,1,0
9535,1,0
9536,0,0
9537,0,0
9538,4,0
9539,2,0
9540,4,0
9541,2,0
9542,1,0
9543,0,0
9544,0,0
9545,0,0
9546,4,0
9547,4,0
9548,3,0
9549,2,0
9550,3,0
9551,4,0
9552,4,0
9553,4,0
9554,3,0
9555,1,0
9556,1,0
9557,1,0
9558,1,0
9559,3,0
9560,1,0
9561,4,0
9562,4,0
9563,2,0
9564,1,0
9565,2,0
9566,1,0
9567,3,0
9568,1,0
9569,1,0
9570,3,0
9571,4,0
9572,0,0
9573,1,0
9574,1,0
9575,0,0
9576,2,0
9577,0,0
9578,0,0
9579,3,0
9580,0,0
9581,4,0
9582,4,0
9583,1,0
9584,1,0
9585,1,0
9586,3,0
9587,4,0
9588,1,0
9589,0,0
9590,0,0
9591,1,0
9592,1,0
9593,3,0
9594,1,0
9595,2,0
9596,2,0
9597,3,0
9598,4,0
9599,4,0
9600,0,0
9601,4,0
9602,2,0
9603,3,0
9604,4,0
9605,2,0
9606,0,0
9607,2,0
9608,4,0
9609,4,0
9610,3,0
9611,1,0
9612,2,0
9613,2,0
9614,1,0
9615,4,0
9616,2,0
9617,2,0
9618,4,0
9619,1,0
9620,0,0
9621,0,0
9622,2,0
9623,2,0
9624,0,0
9625,4,0
9626,2,0
9627,1,0
9628,0,0
9629,0,0
9630,3,0
9631,3,0
9632,2,0
9633,1,0
9634,3,0
9635,3,0
9636,0,0
9637,0,0
9638,0,0
9639,0,0
9640,1,0
9641,1,0
9642,3,0
9643,0,0
9644,2,0
9645,1,0
9646,2,0
9647,3,0
9648,0,0
9649,0,0
9650,1,0
9651,0,0
9652,0,0
9653,0,0
9654,0,0
9655,1,0
9656,4,0
9657,2,0
9658,0,0
9659,1,0
9660,1,0
9661,4,0
9662,0,0
9663,2,0
9664,0,0
9665,0,0
9666,2,0
9667,1,0
9668,0,0
9669,2,0
9670,2,0
9671,2,0
9672,0,0
9673,4,0
9674,2,0
9675,2,0
9676,0,0
9677,0,0
9678,4,0
9679,2,0
9680,2,0
9681,4,0
9682,3,0
9683,4,0
9684,0,0
9685,1,0
9686,3,0
9687,2,0
9688,1,0
9689,2,0
9690,2,0
9691,1,0
9692,3,0
9693,0,0
9694,0,0
9695,0,0
9696,1,0
9697,2,0
9698,2,0
9699,0,0
9700,2,0
9701,1,0
9702,1,0
9703,0,0
9704,0,0
9705,0,0
9706,2,0
9707,0,0
9708,0,0
9709,4,0
9710,2,0
9711,2,0
9712,3,0
9713,3,0
9714,2,0
9715,1,0
9716,3,0
9717,4,0
9718,3,0
9719,1,0
9720,3,0
9721,3,0
9722,3,0
9723,0,0
9724,0,0
9725,0,0
9726,2,0
9727,1,0
9728,3,0
9729,0,0
9730,1,0
9731,1,0
9732,2,0
9733,1,0
9734,4,0
9735,4,0
9736,3,0
9737,3,0
9738,2,0
9739,2,0
9740,4,0
9741,2,0
9742,1,0
9743,3,0
9744,1,0
9745,0,0
9746,4,0
9747,2,0
9748,4,0
9749,3,0
9750,1,0
9751,2,0
9752,2,0
9753,3,0
9754,4,0
9755,0,0
9756,0,0
9757,4,0
9758,2,0
9759,1,0
9760,3,0
9761,4,0
9762,2,0
9763,2,0
9764,0,0
9765,4,0
9766,3,0
9767,2,0
9768,1,0
9769,3,0
9770,2,0
9771,2,0
9772,0,0
9773,4,0
9774,3,0
9775,1,0
9776,3,0
9777,4,0
9778,4,0
9779,0,0
9780,3,0
9781,3,0
9782,4,0
9783,1,0
9784,2,0
9785,0,0
9786,0,0
9787,0,0
9788,4,0
9789,1,0
9790,0,0
9791,3,0
9792,2,0
9793,4,0
9794,0,0
9795,0,0
9796,3,0
9797,4,0
9798,1,0
9799,2,0
9800,2,0
9801,0,0
9802,3,0
9803,1,0
9804,1,0
9805,4,0
9806,4,0
9807,1,0
9808,0,0
9809,1,0
9810,1,0
9811,3,0
9812,2,0
9813,1,0
9814,4,0
9815,1,0
9816,3,0
9817,2,0
9818,3,0
9819,3,0
9820,3,0
9821,0,0
9822,0,0
9823,2,0
9824,3,0
9825,0,0
9826,4,0
9827,1,0
9828,2,0
9829,0,0
9830,2,0
9831,1,0
9832,2,0
9833,0,0
9834,2,0
9835,4,0
9836,1,0
9837,0,0
9838,2,0
9839,3,0
9840,3,0
9841,2,0
9842,0,0
9843,0,0
9844,2,0
9845,3,0
9846,0,0
9847,1,0
9848,2,0
9849,0,0
9850,2,0
9851,0,0
9852,2,0
9853,4,0
9854,2,0
9855,3,0
9856,1,0
9857,4,0
9858,1,0
9859,4,0
9860,1,0
9861,4,0
9862,2,0
9863,1,0
9864,1,0
9865,2,0
9866,1,0
9867,3,0
9868,2,0
9869,2,0
9870,3,0
9871,4,0
9872,3,0
9873,1,0
9874,4,0
9875,0,0
9876,0,0
9877,0,0
9878,4,0
9879,3,0
9880,2,0
9881,0,0
9882,0,0
9883,0,0
9884,1,0
9885,3,0
9886,0,0
9887,3,0
9888,4,0
9889,1,0
9890,1,0
9891,4,0
9892,4,0
9893,3,0
9894,0,0
9895,4,0
9896,2,0
9897,4,0
9898,2,0
9899,0,0
9900,4,0
9901,0,0
9902,0,0
9903,2,0
9904,2,0
9905,2,0
9906,3,0
9907,1,0
9908,4,0
9909,3,0
9910,1,0
9911,3,0
9912,0,0
9913,3,0
9914,1,0
9915,0,0
9916,2,0
9917,3,0
9918,1,0
9919,2,0
9920,3,0
9921,3,0
9922,1,0
9923,3,0
9924,3,0
9925,4,0
9926,4,0
9927,0,0
9928,3,0
9929,4,0
9930,1,0
9931,0,0
9932,4,0
9933,3,0
9934,3,0
9935,1,0
9936,0,0
9937,4,0
9938,2,0
9939,2,0
9940,2,0
9941,3,0
9942,1,0
9943,1,0
9944,4,0
9945,3,0
9946,2,0
9947,3,0
9948,1,0
9949,1,0
9950,3,0
9951,0,0
9952,1,0
9953,1,0
9954,1,0
9955,1,0
9956,1,0
9957,3,0
9958,4,0
9959,4,0
9960,2,0
9961,1,0
9962,0,0
9963,2,0
9964,0,0
9965,3,0
9966,3,0
9967,3,0
9968,1,0
9969,0,0
9970,0,0
9971,1,0
9972,4,0
9973,4,0
9974,0,0
9975,1,0
9976,0,0
9977,4,0
9978,2,0
9979,0,0
9980,2,0
9981,2,0
9982,0,0
9983,0,0
9984,2,0
9985,3,0
9986,4,0
9987,3,0
9988,2,0
9989,0,0
9990,2,0
9991,4,0
9992,2,0
9993,2,0
9994,2,0
9995,2,0
9996,3,0
9997,1,0
9998,4,0
9999,1,0
